Subject,Condition,RC,CE,pType,probeACC
1,3,RC,CE,5,1
1,1,RC,NonCE,0,1
1,1,RC,NonCE,2,1
1,3,RC,CE,6,1
1,4,NonRC,CE,0,1
1,4,NonRC,CE,8,1
1,2,NonRC,NonCE,1,1
1,4,NonRC,CE,0,1
1,3,RC,CE,1,1
1,2,NonRC,NonCE,2,1
1,4,NonRC,CE,5,1
1,4,NonRC,CE,1,1
1,2,NonRC,NonCE,8,1
1,2,NonRC,NonCE,0,1
1,1,RC,NonCE,1,1
1,3,RC,CE,4,1
1,1,RC,NonCE,3,0
1,3,RC,CE,5,1
1,1,RC,NonCE,4,1
1,1,RC,NonCE,1,1
1,4,NonRC,CE,2,1
1,4,NonRC,CE,2,1
1,4,NonRC,CE,0,1
1,4,NonRC,CE,8,1
1,4,NonRC,CE,4,1
1,2,NonRC,NonCE,2,1
1,2,NonRC,NonCE,0,1
1,3,RC,CE,0,0
1,1,RC,NonCE,1,1
1,3,RC,CE,0,1
1,2,NonRC,NonCE,7,1
1,3,RC,CE,0,1
1,4,NonRC,CE,6,1
1,1,RC,NonCE,2,1
1,1,RC,NonCE,4,1
1,1,RC,NonCE,5,1
1,4,NonRC,CE,6,1
1,1,RC,NonCE,1,1
1,2,NonRC,NonCE,4,1
1,1,RC,NonCE,2,1
1,3,RC,CE,0,1
1,1,RC,NonCE,8,1
1,1,RC,NonCE,5,1
1,4,NonRC,CE,5,1
1,2,NonRC,NonCE,2,1
1,3,RC,CE,4,1
1,4,NonRC,CE,0,1
1,1,RC,NonCE,0,0
1,1,RC,NonCE,8,1
1,2,NonRC,NonCE,1,1
1,2,NonRC,NonCE,3,1
1,4,NonRC,CE,1,1
1,3,RC,CE,1,1
1,2,NonRC,NonCE,5,1
1,4,NonRC,CE,4,1
1,2,NonRC,NonCE,6,1
1,3,RC,CE,1,1
1,3,RC,CE,3,1
1,4,NonRC,CE,1,1
1,4,NonRC,CE,2,1
1,1,RC,NonCE,7,1
1,1,RC,NonCE,1,1
1,3,RC,CE,6,1
1,2,NonRC,NonCE,0,1
1,2,NonRC,NonCE,4,0
1,1,RC,NonCE,7,1
1,4,NonRC,CE,4,1
1,1,RC,NonCE,8,0
1,3,RC,CE,8,1
1,3,RC,CE,1,1
1,2,NonRC,NonCE,2,1
1,2,NonRC,NonCE,5,1
1,2,NonRC,NonCE,0,1
1,2,NonRC,NonCE,8,1
1,3,RC,CE,3,1
1,3,RC,CE,2,1
1,3,RC,CE,6,1
1,3,RC,CE,0,1
1,3,RC,CE,0,1
1,1,RC,NonCE,1,1
1,1,RC,NonCE,2,1
1,3,RC,CE,7,1
1,2,NonRC,NonCE,3,1
1,4,NonRC,CE,0,1
1,3,RC,CE,0,1
1,2,NonRC,NonCE,7,1
1,1,RC,NonCE,0,1
1,1,RC,NonCE,2,1
1,1,RC,NonCE,8,1
1,1,RC,NonCE,3,1
1,3,RC,CE,7,1
1,4,NonRC,CE,5,1
1,4,NonRC,CE,8,1
1,3,RC,CE,2,1
1,4,NonRC,CE,7,1
1,3,RC,CE,2,1
1,4,NonRC,CE,2,1
1,1,RC,NonCE,2,1
1,3,RC,CE,1,1
1,3,RC,CE,2,1
1,3,RC,CE,5,1
1,3,RC,CE,8,1
1,1,RC,NonCE,6,1
1,3,RC,CE,8,1
1,3,RC,CE,7,1
1,2,NonRC,NonCE,0,1
1,2,NonRC,NonCE,7,0
1,2,NonRC,NonCE,2,0
1,2,NonRC,NonCE,1,0
1,2,NonRC,NonCE,6,1
1,2,NonRC,NonCE,1,1
1,2,NonRC,NonCE,3,1
1,2,NonRC,NonCE,1,1
1,4,NonRC,CE,3,1
1,1,RC,NonCE,0,1
1,4,NonRC,CE,1,1
1,1,RC,NonCE,1,1
1,3,RC,CE,1,1
1,3,RC,CE,5,1
1,4,NonRC,CE,1,1
1,4,NonRC,CE,1,1
1,3,RC,CE,2,1
1,4,NonRC,CE,0,1
1,1,RC,NonCE,3,1
1,2,NonRC,NonCE,8,1
1,4,NonRC,CE,3,1
1,4,NonRC,CE,2,1
1,1,RC,NonCE,4,1
1,4,NonRC,CE,2,1
1,4,NonRC,CE,7,1
1,4,NonRC,CE,1,1
1,2,NonRC,NonCE,1,1
1,2,NonRC,NonCE,6,1
1,4,NonRC,CE,5,1
1,1,RC,NonCE,5,1
1,2,NonRC,NonCE,2,1
1,3,RC,CE,2,1
1,3,RC,CE,4,1
1,2,NonRC,NonCE,5,1
1,3,RC,CE,3,0
1,2,NonRC,NonCE,1,0
1,2,NonRC,NonCE,0,1
1,3,RC,CE,8,1
1,2,NonRC,NonCE,4,1
1,4,NonRC,CE,3,0
1,1,RC,NonCE,5,1
1,4,NonRC,CE,0,1
1,1,RC,NonCE,6,1
1,4,NonRC,CE,8,1
1,4,NonRC,CE,7,1
1,1,RC,NonCE,0,1
1,4,NonRC,CE,6,0
1,3,RC,CE,1,1
1,1,RC,NonCE,7,1
1,2,NonRC,NonCE,0,1
1,1,RC,NonCE,0,1
1,2,NonRC,NonCE,5,1
1,2,NonRC,NonCE,8,1
1,1,RC,NonCE,6,1
1,1,RC,NonCE,0,0
2,3,RC,CE,5,1
2,1,RC,NonCE,0,0
2,1,RC,NonCE,2,1
2,3,RC,CE,6,1
2,4,NonRC,CE,0,1
2,4,NonRC,CE,8,1
2,2,NonRC,NonCE,1,1
2,4,NonRC,CE,0,1
2,3,RC,CE,1,0
2,2,NonRC,NonCE,2,1
2,4,NonRC,CE,5,1
2,4,NonRC,CE,1,1
2,2,NonRC,NonCE,8,1
2,2,NonRC,NonCE,0,1
2,1,RC,NonCE,1,1
2,3,RC,CE,4,1
2,1,RC,NonCE,3,1
2,3,RC,CE,5,1
2,1,RC,NonCE,4,0
2,1,RC,NonCE,1,0
2,4,NonRC,CE,2,1
2,4,NonRC,CE,2,0
2,4,NonRC,CE,0,1
2,4,NonRC,CE,8,1
2,4,NonRC,CE,4,0
2,2,NonRC,NonCE,2,1
2,2,NonRC,NonCE,0,1
2,3,RC,CE,0,1
2,1,RC,NonCE,1,1
2,3,RC,CE,0,0
2,2,NonRC,NonCE,7,1
2,3,RC,CE,0,0
2,4,NonRC,CE,6,1
2,1,RC,NonCE,2,1
2,1,RC,NonCE,4,0
2,1,RC,NonCE,5,1
2,4,NonRC,CE,6,1
2,1,RC,NonCE,1,1
2,2,NonRC,NonCE,4,1
2,1,RC,NonCE,2,1
2,3,RC,CE,0,0
2,1,RC,NonCE,8,1
2,1,RC,NonCE,5,0
2,4,NonRC,CE,5,1
2,2,NonRC,NonCE,2,1
2,3,RC,CE,4,0
2,4,NonRC,CE,0,0
2,1,RC,NonCE,0,1
2,1,RC,NonCE,8,0
2,2,NonRC,NonCE,1,1
2,2,NonRC,NonCE,3,1
2,4,NonRC,CE,1,1
2,3,RC,CE,1,1
2,2,NonRC,NonCE,5,1
2,4,NonRC,CE,4,0
2,2,NonRC,NonCE,6,0
2,3,RC,CE,1,1
2,3,RC,CE,3,0
2,4,NonRC,CE,1,1
2,4,NonRC,CE,2,0
2,1,RC,NonCE,7,0
2,1,RC,NonCE,1,1
2,3,RC,CE,6,1
2,2,NonRC,NonCE,0,1
2,2,NonRC,NonCE,4,1
2,1,RC,NonCE,7,1
2,4,NonRC,CE,4,0
2,1,RC,NonCE,8,0
2,3,RC,CE,8,0
2,3,RC,CE,1,0
2,2,NonRC,NonCE,2,1
2,2,NonRC,NonCE,5,0
2,2,NonRC,NonCE,0,1
2,2,NonRC,NonCE,8,1
2,3,RC,CE,3,0
2,3,RC,CE,2,1
2,3,RC,CE,6,0
2,3,RC,CE,0,1
2,3,RC,CE,0,0
2,1,RC,NonCE,1,1
2,1,RC,NonCE,2,1
2,3,RC,CE,7,1
2,2,NonRC,NonCE,3,1
2,4,NonRC,CE,0,1
2,3,RC,CE,0,0
2,2,NonRC,NonCE,7,1
2,1,RC,NonCE,0,1
2,1,RC,NonCE,2,1
2,1,RC,NonCE,8,1
2,1,RC,NonCE,3,1
2,3,RC,CE,7,1
2,4,NonRC,CE,5,1
2,4,NonRC,CE,8,1
2,3,RC,CE,2,0
2,4,NonRC,CE,7,1
2,3,RC,CE,2,1
2,4,NonRC,CE,2,1
2,1,RC,NonCE,2,1
2,3,RC,CE,1,1
2,3,RC,CE,2,1
2,3,RC,CE,5,0
2,3,RC,CE,8,1
2,1,RC,NonCE,6,1
2,3,RC,CE,8,1
2,3,RC,CE,7,1
2,2,NonRC,NonCE,0,1
2,2,NonRC,NonCE,7,1
2,2,NonRC,NonCE,2,1
2,2,NonRC,NonCE,1,1
2,2,NonRC,NonCE,6,1
2,2,NonRC,NonCE,1,1
2,2,NonRC,NonCE,3,1
2,2,NonRC,NonCE,1,1
2,4,NonRC,CE,3,1
2,1,RC,NonCE,0,1
2,4,NonRC,CE,1,1
2,1,RC,NonCE,1,1
2,3,RC,CE,1,0
2,3,RC,CE,5,1
2,4,NonRC,CE,1,0
2,4,NonRC,CE,1,1
2,3,RC,CE,2,0
2,4,NonRC,CE,0,1
2,1,RC,NonCE,3,1
2,2,NonRC,NonCE,8,1
2,4,NonRC,CE,3,1
2,4,NonRC,CE,2,1
2,1,RC,NonCE,4,1
2,4,NonRC,CE,2,1
2,4,NonRC,CE,7,1
2,4,NonRC,CE,1,1
2,2,NonRC,NonCE,1,1
2,2,NonRC,NonCE,6,1
2,4,NonRC,CE,5,1
2,1,RC,NonCE,5,1
2,2,NonRC,NonCE,2,1
2,3,RC,CE,2,1
2,3,RC,CE,4,1
2,2,NonRC,NonCE,5,0
2,3,RC,CE,3,0
2,2,NonRC,NonCE,1,1
2,2,NonRC,NonCE,0,1
2,3,RC,CE,8,1
2,2,NonRC,NonCE,4,0
2,4,NonRC,CE,3,1
2,1,RC,NonCE,5,1
2,4,NonRC,CE,0,1
2,1,RC,NonCE,6,1
2,4,NonRC,CE,8,0
2,4,NonRC,CE,7,1
2,1,RC,NonCE,0,1
2,4,NonRC,CE,6,1
2,3,RC,CE,1,1
2,1,RC,NonCE,7,1
2,2,NonRC,NonCE,0,1
2,1,RC,NonCE,0,0
2,2,NonRC,NonCE,5,0
2,2,NonRC,NonCE,8,1
2,1,RC,NonCE,6,1
2,1,RC,NonCE,0,1
3,3,RC,CE,5,1
3,1,RC,NonCE,0,1
3,1,RC,NonCE,2,1
3,3,RC,CE,6,1
3,4,NonRC,CE,0,1
3,4,NonRC,CE,8,1
3,2,NonRC,NonCE,1,1
3,4,NonRC,CE,0,0
3,3,RC,CE,1,1
3,2,NonRC,NonCE,2,1
3,4,NonRC,CE,5,1
3,4,NonRC,CE,1,0
3,2,NonRC,NonCE,8,1
3,2,NonRC,NonCE,0,1
3,1,RC,NonCE,1,1
3,3,RC,CE,4,1
3,1,RC,NonCE,3,1
3,3,RC,CE,5,1
3,1,RC,NonCE,4,0
3,1,RC,NonCE,1,1
3,4,NonRC,CE,2,1
3,4,NonRC,CE,2,1
3,4,NonRC,CE,0,1
3,4,NonRC,CE,8,1
3,4,NonRC,CE,4,1
3,2,NonRC,NonCE,2,1
3,2,NonRC,NonCE,0,1
3,3,RC,CE,0,1
3,1,RC,NonCE,1,0
3,3,RC,CE,0,1
3,2,NonRC,NonCE,7,1
3,3,RC,CE,0,1
3,4,NonRC,CE,6,1
3,1,RC,NonCE,2,1
3,1,RC,NonCE,4,1
3,1,RC,NonCE,5,1
3,4,NonRC,CE,6,1
3,1,RC,NonCE,1,1
3,2,NonRC,NonCE,4,1
3,1,RC,NonCE,2,1
3,3,RC,CE,0,1
3,1,RC,NonCE,8,1
3,1,RC,NonCE,5,1
3,4,NonRC,CE,5,0
3,2,NonRC,NonCE,2,1
3,3,RC,CE,4,1
3,4,NonRC,CE,0,0
3,1,RC,NonCE,0,1
3,1,RC,NonCE,8,1
3,2,NonRC,NonCE,1,1
3,2,NonRC,NonCE,3,1
3,4,NonRC,CE,1,1
3,3,RC,CE,1,0
3,2,NonRC,NonCE,5,1
3,4,NonRC,CE,4,0
3,2,NonRC,NonCE,6,1
3,3,RC,CE,1,1
3,3,RC,CE,3,1
3,4,NonRC,CE,1,1
3,4,NonRC,CE,2,1
3,1,RC,NonCE,7,1
3,1,RC,NonCE,1,0
3,3,RC,CE,6,1
3,2,NonRC,NonCE,0,1
3,2,NonRC,NonCE,4,1
3,1,RC,NonCE,7,1
3,4,NonRC,CE,4,0
3,1,RC,NonCE,8,0
3,3,RC,CE,8,1
3,3,RC,CE,1,1
3,2,NonRC,NonCE,2,1
3,2,NonRC,NonCE,5,0
3,2,NonRC,NonCE,0,1
3,2,NonRC,NonCE,8,1
3,3,RC,CE,3,1
3,3,RC,CE,2,1
3,3,RC,CE,6,1
3,3,RC,CE,0,1
3,3,RC,CE,0,0
3,1,RC,NonCE,1,1
3,1,RC,NonCE,2,1
3,3,RC,CE,7,1
3,2,NonRC,NonCE,3,1
3,4,NonRC,CE,0,1
3,3,RC,CE,0,1
3,2,NonRC,NonCE,7,1
3,1,RC,NonCE,0,1
3,1,RC,NonCE,2,1
3,1,RC,NonCE,8,1
3,1,RC,NonCE,3,1
3,3,RC,CE,7,1
3,4,NonRC,CE,5,1
3,4,NonRC,CE,8,1
3,3,RC,CE,2,1
3,4,NonRC,CE,7,1
3,3,RC,CE,2,1
3,4,NonRC,CE,2,1
3,1,RC,NonCE,2,1
3,3,RC,CE,1,1
3,3,RC,CE,2,1
3,3,RC,CE,5,1
3,3,RC,CE,8,1
3,1,RC,NonCE,6,1
3,3,RC,CE,8,1
3,3,RC,CE,7,1
3,2,NonRC,NonCE,0,1
3,2,NonRC,NonCE,7,1
3,2,NonRC,NonCE,2,1
3,2,NonRC,NonCE,1,1
3,2,NonRC,NonCE,6,1
3,2,NonRC,NonCE,1,1
3,2,NonRC,NonCE,3,1
3,2,NonRC,NonCE,1,1
3,4,NonRC,CE,3,1
3,1,RC,NonCE,0,1
3,4,NonRC,CE,1,1
3,1,RC,NonCE,1,1
3,3,RC,CE,1,1
3,3,RC,CE,5,1
3,4,NonRC,CE,1,1
3,4,NonRC,CE,1,1
3,3,RC,CE,2,1
3,4,NonRC,CE,0,1
3,1,RC,NonCE,3,1
3,2,NonRC,NonCE,8,1
3,4,NonRC,CE,3,0
3,4,NonRC,CE,2,1
3,1,RC,NonCE,4,1
3,4,NonRC,CE,2,1
3,4,NonRC,CE,7,1
3,4,NonRC,CE,1,1
3,2,NonRC,NonCE,1,1
3,2,NonRC,NonCE,6,1
3,4,NonRC,CE,5,1
3,1,RC,NonCE,5,1
3,2,NonRC,NonCE,2,1
3,3,RC,CE,2,1
3,3,RC,CE,4,1
3,2,NonRC,NonCE,5,1
3,3,RC,CE,3,1
3,2,NonRC,NonCE,1,1
3,2,NonRC,NonCE,0,1
3,3,RC,CE,8,1
3,2,NonRC,NonCE,4,0
3,4,NonRC,CE,3,0
3,1,RC,NonCE,5,1
3,4,NonRC,CE,0,1
3,1,RC,NonCE,6,1
3,4,NonRC,CE,8,1
3,4,NonRC,CE,7,1
3,1,RC,NonCE,0,1
3,4,NonRC,CE,6,1
3,3,RC,CE,1,1
3,1,RC,NonCE,7,1
3,2,NonRC,NonCE,0,1
3,1,RC,NonCE,0,1
3,2,NonRC,NonCE,5,1
3,2,NonRC,NonCE,8,1
3,1,RC,NonCE,6,1
3,1,RC,NonCE,0,1
4,3,RC,CE,5,1
4,1,RC,NonCE,0,1
4,1,RC,NonCE,2,1
4,3,RC,CE,6,1
4,4,NonRC,CE,0,1
4,4,NonRC,CE,8,1
4,2,NonRC,NonCE,1,1
4,4,NonRC,CE,0,1
4,3,RC,CE,1,1
4,2,NonRC,NonCE,2,1
4,4,NonRC,CE,5,1
4,4,NonRC,CE,1,1
4,2,NonRC,NonCE,8,1
4,2,NonRC,NonCE,0,1
4,1,RC,NonCE,1,0
4,3,RC,CE,4,1
4,1,RC,NonCE,3,1
4,3,RC,CE,5,1
4,1,RC,NonCE,4,1
4,1,RC,NonCE,1,1
4,4,NonRC,CE,2,1
4,4,NonRC,CE,2,1
4,4,NonRC,CE,0,1
4,4,NonRC,CE,8,1
4,4,NonRC,CE,4,0
4,2,NonRC,NonCE,2,1
4,2,NonRC,NonCE,0,1
4,3,RC,CE,0,1
4,1,RC,NonCE,1,1
4,3,RC,CE,0,1
4,2,NonRC,NonCE,7,1
4,3,RC,CE,0,1
4,4,NonRC,CE,6,1
4,1,RC,NonCE,2,1
4,1,RC,NonCE,4,1
4,1,RC,NonCE,5,1
4,4,NonRC,CE,6,1
4,1,RC,NonCE,1,1
4,2,NonRC,NonCE,4,0
4,1,RC,NonCE,2,1
4,3,RC,CE,0,1
4,1,RC,NonCE,8,1
4,1,RC,NonCE,5,1
4,4,NonRC,CE,5,1
4,2,NonRC,NonCE,2,1
4,3,RC,CE,4,1
4,4,NonRC,CE,0,1
4,1,RC,NonCE,0,1
4,1,RC,NonCE,8,1
4,2,NonRC,NonCE,1,1
4,2,NonRC,NonCE,3,1
4,4,NonRC,CE,1,1
4,3,RC,CE,1,1
4,2,NonRC,NonCE,5,1
4,4,NonRC,CE,4,1
4,2,NonRC,NonCE,6,1
4,3,RC,CE,1,1
4,3,RC,CE,3,1
4,4,NonRC,CE,1,1
4,4,NonRC,CE,2,1
4,1,RC,NonCE,7,1
4,1,RC,NonCE,1,1
4,3,RC,CE,6,1
4,2,NonRC,NonCE,0,1
4,2,NonRC,NonCE,4,1
4,1,RC,NonCE,7,1
4,4,NonRC,CE,4,1
4,1,RC,NonCE,8,1
4,3,RC,CE,8,1
4,3,RC,CE,1,1
4,2,NonRC,NonCE,2,1
4,2,NonRC,NonCE,5,0
4,2,NonRC,NonCE,0,1
4,2,NonRC,NonCE,8,1
4,3,RC,CE,3,1
4,3,RC,CE,2,1
4,3,RC,CE,6,1
4,3,RC,CE,0,1
4,3,RC,CE,0,1
4,1,RC,NonCE,1,1
4,1,RC,NonCE,2,1
4,3,RC,CE,7,1
4,2,NonRC,NonCE,3,1
4,4,NonRC,CE,0,1
4,3,RC,CE,0,1
4,2,NonRC,NonCE,7,1
4,1,RC,NonCE,0,1
4,1,RC,NonCE,2,1
4,1,RC,NonCE,8,1
4,1,RC,NonCE,3,1
4,3,RC,CE,7,1
4,4,NonRC,CE,5,1
4,4,NonRC,CE,8,1
4,3,RC,CE,2,1
4,4,NonRC,CE,7,1
4,3,RC,CE,2,1
4,4,NonRC,CE,2,1
4,1,RC,NonCE,2,1
4,3,RC,CE,1,1
4,3,RC,CE,2,1
4,3,RC,CE,5,1
4,3,RC,CE,8,1
4,1,RC,NonCE,6,1
4,3,RC,CE,8,1
4,3,RC,CE,7,1
4,2,NonRC,NonCE,0,1
4,2,NonRC,NonCE,7,1
4,2,NonRC,NonCE,2,1
4,2,NonRC,NonCE,1,1
4,2,NonRC,NonCE,6,1
4,2,NonRC,NonCE,1,1
4,2,NonRC,NonCE,3,1
4,2,NonRC,NonCE,1,1
4,4,NonRC,CE,3,1
4,1,RC,NonCE,0,1
4,4,NonRC,CE,1,1
4,1,RC,NonCE,1,1
4,3,RC,CE,1,1
4,3,RC,CE,5,1
4,4,NonRC,CE,1,1
4,4,NonRC,CE,1,1
4,3,RC,CE,2,1
4,4,NonRC,CE,0,1
4,1,RC,NonCE,3,1
4,2,NonRC,NonCE,8,1
4,4,NonRC,CE,3,1
4,4,NonRC,CE,2,1
4,1,RC,NonCE,4,1
4,4,NonRC,CE,2,1
4,4,NonRC,CE,7,1
4,4,NonRC,CE,1,1
4,2,NonRC,NonCE,1,1
4,2,NonRC,NonCE,6,1
4,4,NonRC,CE,5,1
4,1,RC,NonCE,5,1
4,2,NonRC,NonCE,2,1
4,3,RC,CE,2,1
4,3,RC,CE,4,1
4,2,NonRC,NonCE,5,0
4,3,RC,CE,3,1
4,2,NonRC,NonCE,1,1
4,2,NonRC,NonCE,0,1
4,3,RC,CE,8,1
4,2,NonRC,NonCE,4,1
4,4,NonRC,CE,3,0
4,1,RC,NonCE,5,1
4,4,NonRC,CE,0,1
4,1,RC,NonCE,6,1
4,4,NonRC,CE,8,1
4,4,NonRC,CE,7,1
4,1,RC,NonCE,0,1
4,4,NonRC,CE,6,0
4,3,RC,CE,1,1
4,1,RC,NonCE,7,1
4,2,NonRC,NonCE,0,1
4,1,RC,NonCE,0,1
4,2,NonRC,NonCE,5,1
4,2,NonRC,NonCE,8,1
4,1,RC,NonCE,6,1
4,1,RC,NonCE,0,1
5,3,RC,CE,5,1
5,1,RC,NonCE,0,1
5,1,RC,NonCE,2,1
5,3,RC,CE,6,1
5,4,NonRC,CE,0,1
5,4,NonRC,CE,8,1
5,2,NonRC,NonCE,1,1
5,4,NonRC,CE,0,1
5,3,RC,CE,1,1
5,2,NonRC,NonCE,2,1
5,4,NonRC,CE,5,1
5,4,NonRC,CE,1,1
5,2,NonRC,NonCE,8,1
5,2,NonRC,NonCE,0,1
5,1,RC,NonCE,1,0
5,3,RC,CE,4,1
5,1,RC,NonCE,3,0
5,3,RC,CE,5,0
5,1,RC,NonCE,4,1
5,1,RC,NonCE,1,0
5,4,NonRC,CE,2,1
5,4,NonRC,CE,2,1
5,4,NonRC,CE,0,1
5,4,NonRC,CE,8,1
5,4,NonRC,CE,4,1
5,2,NonRC,NonCE,2,1
5,2,NonRC,NonCE,0,0
5,3,RC,CE,0,1
5,1,RC,NonCE,1,1
5,3,RC,CE,0,1
5,2,NonRC,NonCE,7,1
5,3,RC,CE,0,1
5,4,NonRC,CE,6,1
5,1,RC,NonCE,2,1
5,1,RC,NonCE,4,1
5,1,RC,NonCE,5,1
5,4,NonRC,CE,6,1
5,1,RC,NonCE,1,1
5,2,NonRC,NonCE,4,1
5,1,RC,NonCE,2,1
5,3,RC,CE,0,1
5,1,RC,NonCE,8,1
5,1,RC,NonCE,5,1
5,4,NonRC,CE,5,1
5,2,NonRC,NonCE,2,1
5,3,RC,CE,4,0
5,4,NonRC,CE,0,1
5,1,RC,NonCE,0,0
5,1,RC,NonCE,8,1
5,2,NonRC,NonCE,1,1
5,2,NonRC,NonCE,3,1
5,4,NonRC,CE,1,1
5,3,RC,CE,1,1
5,2,NonRC,NonCE,5,1
5,4,NonRC,CE,4,1
5,2,NonRC,NonCE,6,0
5,3,RC,CE,1,1
5,3,RC,CE,3,0
5,4,NonRC,CE,1,1
5,4,NonRC,CE,2,0
5,1,RC,NonCE,7,1
5,1,RC,NonCE,1,0
5,3,RC,CE,6,1
5,2,NonRC,NonCE,0,1
5,2,NonRC,NonCE,4,1
5,1,RC,NonCE,7,1
5,4,NonRC,CE,4,0
5,1,RC,NonCE,8,1
5,3,RC,CE,8,1
5,3,RC,CE,1,1
5,2,NonRC,NonCE,2,1
5,2,NonRC,NonCE,5,1
5,2,NonRC,NonCE,0,1
5,2,NonRC,NonCE,8,1
5,3,RC,CE,3,0
5,3,RC,CE,2,1
5,3,RC,CE,6,1
5,3,RC,CE,0,1
5,3,RC,CE,0,1
5,1,RC,NonCE,1,1
5,1,RC,NonCE,2,1
5,3,RC,CE,7,1
5,2,NonRC,NonCE,3,0
5,4,NonRC,CE,0,0
5,3,RC,CE,0,0
5,2,NonRC,NonCE,7,1
5,1,RC,NonCE,0,1
5,1,RC,NonCE,2,1
5,1,RC,NonCE,8,1
5,1,RC,NonCE,3,1
5,3,RC,CE,7,1
5,4,NonRC,CE,5,1
5,4,NonRC,CE,8,1
5,3,RC,CE,2,1
5,4,NonRC,CE,7,1
5,3,RC,CE,2,1
5,4,NonRC,CE,2,1
5,1,RC,NonCE,2,1
5,3,RC,CE,1,1
5,3,RC,CE,2,1
5,3,RC,CE,5,1
5,3,RC,CE,8,1
5,1,RC,NonCE,6,1
5,3,RC,CE,8,1
5,3,RC,CE,7,1
5,2,NonRC,NonCE,0,1
5,2,NonRC,NonCE,7,1
5,2,NonRC,NonCE,2,1
5,2,NonRC,NonCE,1,1
5,2,NonRC,NonCE,6,1
5,2,NonRC,NonCE,1,1
5,2,NonRC,NonCE,3,0
5,2,NonRC,NonCE,1,1
5,4,NonRC,CE,3,1
5,1,RC,NonCE,0,1
5,4,NonRC,CE,1,1
5,1,RC,NonCE,1,1
5,3,RC,CE,1,1
5,3,RC,CE,5,1
5,4,NonRC,CE,1,0
5,4,NonRC,CE,1,1
5,3,RC,CE,2,1
5,4,NonRC,CE,0,1
5,1,RC,NonCE,3,0
5,2,NonRC,NonCE,8,1
5,4,NonRC,CE,3,1
5,4,NonRC,CE,2,1
5,1,RC,NonCE,4,1
5,4,NonRC,CE,2,1
5,4,NonRC,CE,7,1
5,4,NonRC,CE,1,0
5,2,NonRC,NonCE,1,1
5,2,NonRC,NonCE,6,1
5,4,NonRC,CE,5,1
5,1,RC,NonCE,5,0
5,2,NonRC,NonCE,2,1
5,3,RC,CE,2,1
5,3,RC,CE,4,1
5,2,NonRC,NonCE,5,1
5,3,RC,CE,3,0
5,2,NonRC,NonCE,1,0
5,2,NonRC,NonCE,0,1
5,3,RC,CE,8,1
5,2,NonRC,NonCE,4,1
5,4,NonRC,CE,3,1
5,1,RC,NonCE,5,1
5,4,NonRC,CE,0,1
5,1,RC,NonCE,6,1
5,4,NonRC,CE,8,1
5,4,NonRC,CE,7,1
5,1,RC,NonCE,0,1
5,4,NonRC,CE,6,1
5,3,RC,CE,1,1
5,1,RC,NonCE,7,1
5,2,NonRC,NonCE,0,1
5,1,RC,NonCE,0,1
5,2,NonRC,NonCE,5,0
5,2,NonRC,NonCE,8,1
5,1,RC,NonCE,6,1
5,1,RC,NonCE,0,1
6,3,RC,CE,5,1
6,1,RC,NonCE,0,0
6,1,RC,NonCE,2,1
6,3,RC,CE,6,1
6,4,NonRC,CE,0,1
6,4,NonRC,CE,8,1
6,2,NonRC,NonCE,1,1
6,4,NonRC,CE,0,1
6,3,RC,CE,1,1
6,2,NonRC,NonCE,2,1
6,4,NonRC,CE,5,1
6,4,NonRC,CE,1,1
6,2,NonRC,NonCE,8,1
6,2,NonRC,NonCE,0,1
6,1,RC,NonCE,1,1
6,3,RC,CE,4,0
6,1,RC,NonCE,3,0
6,3,RC,CE,5,1
6,1,RC,NonCE,4,0
6,1,RC,NonCE,1,1
6,4,NonRC,CE,2,1
6,4,NonRC,CE,2,1
6,4,NonRC,CE,0,1
6,4,NonRC,CE,8,1
6,4,NonRC,CE,4,0
6,2,NonRC,NonCE,2,1
6,2,NonRC,NonCE,0,1
6,3,RC,CE,0,1
6,1,RC,NonCE,1,1
6,3,RC,CE,0,1
6,2,NonRC,NonCE,7,1
6,3,RC,CE,0,1
6,4,NonRC,CE,6,1
6,1,RC,NonCE,2,0
6,1,RC,NonCE,4,1
6,1,RC,NonCE,5,1
6,4,NonRC,CE,6,1
6,1,RC,NonCE,1,1
6,2,NonRC,NonCE,4,1
6,1,RC,NonCE,2,1
6,3,RC,CE,0,1
6,1,RC,NonCE,8,1
6,1,RC,NonCE,5,0
6,4,NonRC,CE,5,1
6,2,NonRC,NonCE,2,1
6,3,RC,CE,4,1
6,4,NonRC,CE,0,0
6,1,RC,NonCE,0,1
6,1,RC,NonCE,8,1
6,2,NonRC,NonCE,1,1
6,2,NonRC,NonCE,3,1
6,4,NonRC,CE,1,1
6,3,RC,CE,1,0
6,2,NonRC,NonCE,5,1
6,4,NonRC,CE,4,1
6,2,NonRC,NonCE,6,1
6,3,RC,CE,1,1
6,3,RC,CE,3,0
6,4,NonRC,CE,1,0
6,4,NonRC,CE,2,1
6,1,RC,NonCE,7,1
6,1,RC,NonCE,1,1
6,3,RC,CE,6,1
6,2,NonRC,NonCE,0,1
6,2,NonRC,NonCE,4,1
6,1,RC,NonCE,7,1
6,4,NonRC,CE,4,1
6,1,RC,NonCE,8,0
6,3,RC,CE,8,1
6,3,RC,CE,1,1
6,2,NonRC,NonCE,2,1
6,2,NonRC,NonCE,5,0
6,2,NonRC,NonCE,0,1
6,2,NonRC,NonCE,8,1
6,3,RC,CE,3,0
6,3,RC,CE,2,1
6,3,RC,CE,6,1
6,3,RC,CE,0,1
6,3,RC,CE,0,1
6,1,RC,NonCE,1,1
6,1,RC,NonCE,2,1
6,3,RC,CE,7,1
6,2,NonRC,NonCE,3,1
6,4,NonRC,CE,0,1
6,3,RC,CE,0,1
6,2,NonRC,NonCE,7,1
6,1,RC,NonCE,0,1
6,1,RC,NonCE,2,1
6,1,RC,NonCE,8,1
6,1,RC,NonCE,3,1
6,3,RC,CE,7,1
6,4,NonRC,CE,5,1
6,4,NonRC,CE,8,1
6,3,RC,CE,2,1
6,4,NonRC,CE,7,1
6,3,RC,CE,2,1
6,4,NonRC,CE,2,1
6,1,RC,NonCE,2,1
6,3,RC,CE,1,1
6,3,RC,CE,2,1
6,3,RC,CE,5,1
6,3,RC,CE,8,1
6,1,RC,NonCE,6,1
6,3,RC,CE,8,0
6,3,RC,CE,7,1
6,2,NonRC,NonCE,0,1
6,2,NonRC,NonCE,7,1
6,2,NonRC,NonCE,2,1
6,2,NonRC,NonCE,1,1
6,2,NonRC,NonCE,6,1
6,2,NonRC,NonCE,1,1
6,2,NonRC,NonCE,3,1
6,2,NonRC,NonCE,1,1
6,4,NonRC,CE,3,1
6,1,RC,NonCE,0,1
6,4,NonRC,CE,1,1
6,1,RC,NonCE,1,1
6,3,RC,CE,1,1
6,3,RC,CE,5,1
6,4,NonRC,CE,1,1
6,4,NonRC,CE,1,1
6,3,RC,CE,2,1
6,4,NonRC,CE,0,1
6,1,RC,NonCE,3,1
6,2,NonRC,NonCE,8,1
6,4,NonRC,CE,3,1
6,4,NonRC,CE,2,1
6,1,RC,NonCE,4,1
6,4,NonRC,CE,2,1
6,4,NonRC,CE,7,1
6,4,NonRC,CE,1,1
6,2,NonRC,NonCE,1,1
6,2,NonRC,NonCE,6,1
6,4,NonRC,CE,5,1
6,1,RC,NonCE,5,1
6,2,NonRC,NonCE,2,1
6,3,RC,CE,2,1
6,3,RC,CE,4,1
6,2,NonRC,NonCE,5,1
6,3,RC,CE,3,1
6,2,NonRC,NonCE,1,1
6,2,NonRC,NonCE,0,1
6,3,RC,CE,8,1
6,2,NonRC,NonCE,4,1
6,4,NonRC,CE,3,0
6,1,RC,NonCE,5,0
6,4,NonRC,CE,0,1
6,1,RC,NonCE,6,1
6,4,NonRC,CE,8,1
6,4,NonRC,CE,7,1
6,1,RC,NonCE,0,1
6,4,NonRC,CE,6,1
6,3,RC,CE,1,1
6,1,RC,NonCE,7,1
6,2,NonRC,NonCE,0,1
6,1,RC,NonCE,0,0
6,2,NonRC,NonCE,5,1
6,2,NonRC,NonCE,8,0
6,1,RC,NonCE,6,1
6,1,RC,NonCE,0,1
7,3,RC,CE,5,1
7,1,RC,NonCE,0,1
7,1,RC,NonCE,2,1
7,3,RC,CE,6,1
7,4,NonRC,CE,0,1
7,4,NonRC,CE,8,1
7,2,NonRC,NonCE,1,1
7,4,NonRC,CE,0,1
7,3,RC,CE,1,0
7,2,NonRC,NonCE,2,1
7,4,NonRC,CE,5,1
7,4,NonRC,CE,1,1
7,2,NonRC,NonCE,8,1
7,2,NonRC,NonCE,0,1
7,1,RC,NonCE,1,1
7,3,RC,CE,4,1
7,1,RC,NonCE,3,1
7,3,RC,CE,5,1
7,1,RC,NonCE,4,1
7,1,RC,NonCE,1,1
7,4,NonRC,CE,2,1
7,4,NonRC,CE,2,1
7,4,NonRC,CE,0,1
7,4,NonRC,CE,8,1
7,4,NonRC,CE,4,1
7,2,NonRC,NonCE,2,1
7,2,NonRC,NonCE,0,1
7,3,RC,CE,0,1
7,1,RC,NonCE,1,1
7,3,RC,CE,0,1
7,2,NonRC,NonCE,7,1
7,3,RC,CE,0,1
7,4,NonRC,CE,6,0
7,1,RC,NonCE,2,1
7,1,RC,NonCE,4,1
7,1,RC,NonCE,5,1
7,4,NonRC,CE,6,1
7,1,RC,NonCE,1,1
7,2,NonRC,NonCE,4,1
7,1,RC,NonCE,2,1
7,3,RC,CE,0,1
7,1,RC,NonCE,8,1
7,1,RC,NonCE,5,1
7,4,NonRC,CE,5,0
7,2,NonRC,NonCE,2,1
7,3,RC,CE,4,1
7,4,NonRC,CE,0,1
7,1,RC,NonCE,0,0
7,1,RC,NonCE,8,1
7,2,NonRC,NonCE,1,1
7,2,NonRC,NonCE,3,1
7,4,NonRC,CE,1,1
7,3,RC,CE,1,1
7,2,NonRC,NonCE,5,1
7,4,NonRC,CE,4,1
7,2,NonRC,NonCE,6,0
7,3,RC,CE,1,1
7,3,RC,CE,3,0
7,4,NonRC,CE,1,1
7,4,NonRC,CE,2,1
7,1,RC,NonCE,7,1
7,1,RC,NonCE,1,1
7,3,RC,CE,6,1
7,2,NonRC,NonCE,0,1
7,2,NonRC,NonCE,4,1
7,1,RC,NonCE,7,1
7,4,NonRC,CE,4,1
7,1,RC,NonCE,8,1
7,3,RC,CE,8,1
7,3,RC,CE,1,1
7,2,NonRC,NonCE,2,1
7,2,NonRC,NonCE,5,1
7,2,NonRC,NonCE,0,1
7,2,NonRC,NonCE,8,1
7,3,RC,CE,3,1
7,3,RC,CE,2,1
7,3,RC,CE,6,1
7,3,RC,CE,0,1
7,3,RC,CE,0,1
7,1,RC,NonCE,1,1
7,1,RC,NonCE,2,1
7,3,RC,CE,7,1
7,2,NonRC,NonCE,3,1
7,4,NonRC,CE,0,1
7,3,RC,CE,0,1
7,2,NonRC,NonCE,7,1
7,1,RC,NonCE,0,1
7,1,RC,NonCE,2,0
7,1,RC,NonCE,8,1
7,1,RC,NonCE,3,1
7,3,RC,CE,7,1
7,4,NonRC,CE,5,1
7,4,NonRC,CE,8,1
7,3,RC,CE,2,1
7,4,NonRC,CE,7,1
7,3,RC,CE,2,0
7,4,NonRC,CE,2,1
7,1,RC,NonCE,2,1
7,3,RC,CE,1,1
7,3,RC,CE,2,1
7,3,RC,CE,5,1
7,3,RC,CE,8,1
7,1,RC,NonCE,6,1
7,3,RC,CE,8,1
7,3,RC,CE,7,1
7,2,NonRC,NonCE,0,1
7,2,NonRC,NonCE,7,1
7,2,NonRC,NonCE,2,1
7,2,NonRC,NonCE,1,1
7,2,NonRC,NonCE,6,1
7,2,NonRC,NonCE,1,1
7,2,NonRC,NonCE,3,1
7,2,NonRC,NonCE,1,1
7,4,NonRC,CE,3,1
7,1,RC,NonCE,0,1
7,4,NonRC,CE,1,1
7,1,RC,NonCE,1,1
7,3,RC,CE,1,1
7,3,RC,CE,5,1
7,4,NonRC,CE,1,1
7,4,NonRC,CE,1,1
7,3,RC,CE,2,1
7,4,NonRC,CE,0,1
7,1,RC,NonCE,3,1
7,2,NonRC,NonCE,8,1
7,4,NonRC,CE,3,1
7,4,NonRC,CE,2,1
7,1,RC,NonCE,4,1
7,4,NonRC,CE,2,1
7,4,NonRC,CE,7,1
7,4,NonRC,CE,1,1
7,2,NonRC,NonCE,1,1
7,2,NonRC,NonCE,6,1
7,4,NonRC,CE,5,1
7,1,RC,NonCE,5,1
7,2,NonRC,NonCE,2,1
7,3,RC,CE,2,1
7,3,RC,CE,4,1
7,2,NonRC,NonCE,5,1
7,3,RC,CE,3,1
7,2,NonRC,NonCE,1,1
7,2,NonRC,NonCE,0,1
7,3,RC,CE,8,1
7,2,NonRC,NonCE,4,1
7,4,NonRC,CE,3,1
7,1,RC,NonCE,5,1
7,4,NonRC,CE,0,1
7,1,RC,NonCE,6,1
7,4,NonRC,CE,8,1
7,4,NonRC,CE,7,1
7,1,RC,NonCE,0,0
7,4,NonRC,CE,6,1
7,3,RC,CE,1,1
7,1,RC,NonCE,7,1
7,2,NonRC,NonCE,0,1
7,1,RC,NonCE,0,1
7,2,NonRC,NonCE,5,0
7,2,NonRC,NonCE,8,1
7,1,RC,NonCE,6,1
7,1,RC,NonCE,0,1
8,3,RC,CE,5,1
8,1,RC,NonCE,0,1
8,1,RC,NonCE,2,1
8,3,RC,CE,6,1
8,4,NonRC,CE,0,1
8,4,NonRC,CE,8,1
8,2,NonRC,NonCE,1,1
8,4,NonRC,CE,0,1
8,3,RC,CE,1,1
8,2,NonRC,NonCE,2,1
8,4,NonRC,CE,5,1
8,4,NonRC,CE,1,1
8,2,NonRC,NonCE,8,1
8,2,NonRC,NonCE,0,1
8,1,RC,NonCE,1,1
8,3,RC,CE,4,1
8,1,RC,NonCE,3,1
8,3,RC,CE,5,1
8,1,RC,NonCE,4,1
8,1,RC,NonCE,1,1
8,4,NonRC,CE,2,1
8,4,NonRC,CE,2,1
8,4,NonRC,CE,0,1
8,4,NonRC,CE,8,1
8,4,NonRC,CE,4,1
8,2,NonRC,NonCE,2,1
8,2,NonRC,NonCE,0,1
8,3,RC,CE,0,1
8,1,RC,NonCE,1,1
8,3,RC,CE,0,1
8,2,NonRC,NonCE,7,1
8,3,RC,CE,0,1
8,4,NonRC,CE,6,1
8,1,RC,NonCE,2,1
8,1,RC,NonCE,4,1
8,1,RC,NonCE,5,1
8,4,NonRC,CE,6,1
8,1,RC,NonCE,1,1
8,2,NonRC,NonCE,4,1
8,1,RC,NonCE,2,1
8,3,RC,CE,0,1
8,1,RC,NonCE,8,1
8,1,RC,NonCE,5,1
8,4,NonRC,CE,5,1
8,2,NonRC,NonCE,2,0
8,3,RC,CE,4,1
8,4,NonRC,CE,0,1
8,1,RC,NonCE,0,1
8,1,RC,NonCE,8,1
8,2,NonRC,NonCE,1,1
8,2,NonRC,NonCE,3,1
8,4,NonRC,CE,1,1
8,3,RC,CE,1,1
8,2,NonRC,NonCE,5,1
8,4,NonRC,CE,4,1
8,2,NonRC,NonCE,6,1
8,3,RC,CE,1,1
8,3,RC,CE,3,1
8,4,NonRC,CE,1,1
8,4,NonRC,CE,2,1
8,1,RC,NonCE,7,1
8,1,RC,NonCE,1,1
8,3,RC,CE,6,1
8,2,NonRC,NonCE,0,1
8,2,NonRC,NonCE,4,1
8,1,RC,NonCE,7,1
8,4,NonRC,CE,4,0
8,1,RC,NonCE,8,0
8,3,RC,CE,8,1
8,3,RC,CE,1,1
8,2,NonRC,NonCE,2,1
8,2,NonRC,NonCE,5,0
8,2,NonRC,NonCE,0,1
8,2,NonRC,NonCE,8,1
8,3,RC,CE,3,1
8,3,RC,CE,2,1
8,3,RC,CE,6,1
8,3,RC,CE,0,1
8,3,RC,CE,0,1
8,1,RC,NonCE,1,1
8,1,RC,NonCE,2,1
8,3,RC,CE,7,1
8,2,NonRC,NonCE,3,1
8,4,NonRC,CE,0,1
8,3,RC,CE,0,1
8,2,NonRC,NonCE,7,1
8,1,RC,NonCE,0,1
8,1,RC,NonCE,2,1
8,1,RC,NonCE,8,1
8,1,RC,NonCE,3,1
8,3,RC,CE,7,1
8,4,NonRC,CE,5,1
8,4,NonRC,CE,8,1
8,3,RC,CE,2,1
8,4,NonRC,CE,7,1
8,3,RC,CE,2,1
8,4,NonRC,CE,2,1
8,1,RC,NonCE,2,1
8,3,RC,CE,1,1
8,3,RC,CE,2,1
8,3,RC,CE,5,1
8,3,RC,CE,8,1
8,1,RC,NonCE,6,1
8,3,RC,CE,8,1
8,3,RC,CE,7,1
8,2,NonRC,NonCE,0,1
8,2,NonRC,NonCE,7,1
8,2,NonRC,NonCE,2,1
8,2,NonRC,NonCE,1,1
8,2,NonRC,NonCE,6,1
8,2,NonRC,NonCE,1,1
8,2,NonRC,NonCE,3,1
8,2,NonRC,NonCE,1,1
8,4,NonRC,CE,3,1
8,1,RC,NonCE,0,1
8,4,NonRC,CE,1,1
8,1,RC,NonCE,1,1
8,3,RC,CE,1,1
8,3,RC,CE,5,1
8,4,NonRC,CE,1,1
8,4,NonRC,CE,1,1
8,3,RC,CE,2,1
8,4,NonRC,CE,0,1
8,1,RC,NonCE,3,1
8,2,NonRC,NonCE,8,1
8,4,NonRC,CE,3,0
8,4,NonRC,CE,2,1
8,1,RC,NonCE,4,1
8,4,NonRC,CE,2,1
8,4,NonRC,CE,7,1
8,4,NonRC,CE,1,1
8,2,NonRC,NonCE,1,1
8,2,NonRC,NonCE,6,1
8,4,NonRC,CE,5,1
8,1,RC,NonCE,5,1
8,2,NonRC,NonCE,2,1
8,3,RC,CE,2,1
8,3,RC,CE,4,1
8,2,NonRC,NonCE,5,1
8,3,RC,CE,3,1
8,2,NonRC,NonCE,1,1
8,2,NonRC,NonCE,0,1
8,3,RC,CE,8,1
8,2,NonRC,NonCE,4,1
8,4,NonRC,CE,3,1
8,1,RC,NonCE,5,1
8,4,NonRC,CE,0,1
8,1,RC,NonCE,6,1
8,4,NonRC,CE,8,1
8,4,NonRC,CE,7,1
8,1,RC,NonCE,0,1
8,4,NonRC,CE,6,1
8,3,RC,CE,1,1
8,1,RC,NonCE,7,1
8,2,NonRC,NonCE,0,1
8,1,RC,NonCE,0,1
8,2,NonRC,NonCE,5,1
8,2,NonRC,NonCE,8,1
8,1,RC,NonCE,6,1
8,1,RC,NonCE,0,1
9,3,RC,CE,5,1
9,1,RC,NonCE,0,1
9,1,RC,NonCE,2,1
9,3,RC,CE,6,1
9,4,NonRC,CE,0,1
9,4,NonRC,CE,8,1
9,2,NonRC,NonCE,1,1
9,4,NonRC,CE,0,1
9,3,RC,CE,1,1
9,2,NonRC,NonCE,2,1
9,4,NonRC,CE,5,1
9,4,NonRC,CE,1,1
9,2,NonRC,NonCE,8,1
9,2,NonRC,NonCE,0,1
9,1,RC,NonCE,1,1
9,3,RC,CE,4,1
9,1,RC,NonCE,3,1
9,3,RC,CE,5,1
9,1,RC,NonCE,4,1
9,1,RC,NonCE,1,1
9,4,NonRC,CE,2,1
9,4,NonRC,CE,2,1
9,4,NonRC,CE,0,1
9,4,NonRC,CE,8,1
9,4,NonRC,CE,4,1
9,2,NonRC,NonCE,2,1
9,2,NonRC,NonCE,0,1
9,3,RC,CE,0,1
9,1,RC,NonCE,1,1
9,3,RC,CE,0,1
9,2,NonRC,NonCE,7,1
9,3,RC,CE,0,1
9,4,NonRC,CE,6,1
9,1,RC,NonCE,2,1
9,1,RC,NonCE,4,0
9,1,RC,NonCE,5,0
9,4,NonRC,CE,6,1
9,1,RC,NonCE,1,1
9,2,NonRC,NonCE,4,1
9,1,RC,NonCE,2,1
9,3,RC,CE,0,1
9,1,RC,NonCE,8,1
9,1,RC,NonCE,5,0
9,4,NonRC,CE,5,1
9,2,NonRC,NonCE,2,1
9,3,RC,CE,4,0
9,4,NonRC,CE,0,1
9,1,RC,NonCE,0,1
9,1,RC,NonCE,8,1
9,2,NonRC,NonCE,1,1
9,2,NonRC,NonCE,3,1
9,4,NonRC,CE,1,1
9,3,RC,CE,1,1
9,2,NonRC,NonCE,5,1
9,4,NonRC,CE,4,1
9,2,NonRC,NonCE,6,1
9,3,RC,CE,1,1
9,3,RC,CE,3,1
9,4,NonRC,CE,1,1
9,4,NonRC,CE,2,1
9,1,RC,NonCE,7,1
9,1,RC,NonCE,1,1
9,3,RC,CE,6,1
9,2,NonRC,NonCE,0,1
9,2,NonRC,NonCE,4,0
9,1,RC,NonCE,7,1
9,4,NonRC,CE,4,1
9,1,RC,NonCE,8,1
9,3,RC,CE,8,1
9,3,RC,CE,1,1
9,2,NonRC,NonCE,2,1
9,2,NonRC,NonCE,5,0
9,2,NonRC,NonCE,0,1
9,2,NonRC,NonCE,8,1
9,3,RC,CE,3,1
9,3,RC,CE,2,1
9,3,RC,CE,6,1
9,3,RC,CE,0,1
9,3,RC,CE,0,1
9,1,RC,NonCE,1,1
9,1,RC,NonCE,2,1
9,3,RC,CE,7,1
9,2,NonRC,NonCE,3,1
9,4,NonRC,CE,0,1
9,3,RC,CE,0,1
9,2,NonRC,NonCE,7,1
9,1,RC,NonCE,0,1
9,1,RC,NonCE,2,1
9,1,RC,NonCE,8,1
9,1,RC,NonCE,3,1
9,3,RC,CE,7,1
9,4,NonRC,CE,5,1
9,4,NonRC,CE,8,1
9,3,RC,CE,2,1
9,4,NonRC,CE,7,1
9,3,RC,CE,2,1
9,4,NonRC,CE,2,1
9,1,RC,NonCE,2,1
9,3,RC,CE,1,1
9,3,RC,CE,2,1
9,3,RC,CE,5,1
9,3,RC,CE,8,1
9,1,RC,NonCE,6,1
9,3,RC,CE,8,1
9,3,RC,CE,7,1
9,2,NonRC,NonCE,0,1
9,2,NonRC,NonCE,7,1
9,2,NonRC,NonCE,2,1
9,2,NonRC,NonCE,1,1
9,2,NonRC,NonCE,6,1
9,2,NonRC,NonCE,1,1
9,2,NonRC,NonCE,3,1
9,2,NonRC,NonCE,1,1
9,4,NonRC,CE,3,1
9,1,RC,NonCE,0,1
9,4,NonRC,CE,1,1
9,1,RC,NonCE,1,1
9,3,RC,CE,1,1
9,3,RC,CE,5,1
9,4,NonRC,CE,1,1
9,4,NonRC,CE,1,1
9,3,RC,CE,2,1
9,4,NonRC,CE,0,1
9,1,RC,NonCE,3,1
9,2,NonRC,NonCE,8,1
9,4,NonRC,CE,3,1
9,4,NonRC,CE,2,1
9,1,RC,NonCE,4,1
9,4,NonRC,CE,2,1
9,4,NonRC,CE,7,1
9,4,NonRC,CE,1,1
9,2,NonRC,NonCE,1,1
9,2,NonRC,NonCE,6,1
9,4,NonRC,CE,5,1
9,1,RC,NonCE,5,1
9,2,NonRC,NonCE,2,1
9,3,RC,CE,2,1
9,3,RC,CE,4,1
9,2,NonRC,NonCE,5,1
9,3,RC,CE,3,1
9,2,NonRC,NonCE,1,1
9,2,NonRC,NonCE,0,1
9,3,RC,CE,8,1
9,2,NonRC,NonCE,4,1
9,4,NonRC,CE,3,0
9,1,RC,NonCE,5,1
9,4,NonRC,CE,0,1
9,1,RC,NonCE,6,1
9,4,NonRC,CE,8,1
9,4,NonRC,CE,7,1
9,1,RC,NonCE,0,1
9,4,NonRC,CE,6,1
9,3,RC,CE,1,1
9,1,RC,NonCE,7,1
9,2,NonRC,NonCE,0,1
9,1,RC,NonCE,0,1
9,2,NonRC,NonCE,5,1
9,2,NonRC,NonCE,8,1
9,1,RC,NonCE,6,1
9,1,RC,NonCE,0,1
10,3,RC,CE,5,1
10,1,RC,NonCE,0,1
10,1,RC,NonCE,2,1
10,3,RC,CE,6,1
10,4,NonRC,CE,0,1
10,4,NonRC,CE,8,1
10,2,NonRC,NonCE,1,1
10,4,NonRC,CE,0,1
10,3,RC,CE,1,1
10,2,NonRC,NonCE,2,1
10,4,NonRC,CE,5,0
10,4,NonRC,CE,1,1
10,2,NonRC,NonCE,8,1
10,2,NonRC,NonCE,0,1
10,1,RC,NonCE,1,1
10,3,RC,CE,4,1
10,1,RC,NonCE,3,1
10,3,RC,CE,5,1
10,1,RC,NonCE,4,1
10,1,RC,NonCE,1,0
10,4,NonRC,CE,2,1
10,4,NonRC,CE,2,1
10,4,NonRC,CE,0,1
10,4,NonRC,CE,8,1
10,4,NonRC,CE,4,1
10,2,NonRC,NonCE,2,1
10,2,NonRC,NonCE,0,1
10,3,RC,CE,0,1
10,1,RC,NonCE,1,1
10,3,RC,CE,0,1
10,2,NonRC,NonCE,7,1
10,3,RC,CE,0,1
10,4,NonRC,CE,6,1
10,1,RC,NonCE,2,1
10,1,RC,NonCE,4,1
10,1,RC,NonCE,5,1
10,4,NonRC,CE,6,1
10,1,RC,NonCE,1,1
10,2,NonRC,NonCE,4,1
10,1,RC,NonCE,2,1
10,3,RC,CE,0,1
10,1,RC,NonCE,8,1
10,1,RC,NonCE,5,1
10,4,NonRC,CE,5,0
10,2,NonRC,NonCE,2,1
10,3,RC,CE,4,1
10,4,NonRC,CE,0,1
10,1,RC,NonCE,0,1
10,1,RC,NonCE,8,1
10,2,NonRC,NonCE,1,1
10,2,NonRC,NonCE,3,1
10,4,NonRC,CE,1,1
10,3,RC,CE,1,1
10,2,NonRC,NonCE,5,1
10,4,NonRC,CE,4,1
10,2,NonRC,NonCE,6,0
10,3,RC,CE,1,1
10,3,RC,CE,3,1
10,4,NonRC,CE,1,1
10,4,NonRC,CE,2,1
10,1,RC,NonCE,7,1
10,1,RC,NonCE,1,1
10,3,RC,CE,6,1
10,2,NonRC,NonCE,0,1
10,2,NonRC,NonCE,4,1
10,1,RC,NonCE,7,1
10,4,NonRC,CE,4,0
10,1,RC,NonCE,8,1
10,3,RC,CE,8,1
10,3,RC,CE,1,1
10,2,NonRC,NonCE,2,1
10,2,NonRC,NonCE,5,1
10,2,NonRC,NonCE,0,1
10,2,NonRC,NonCE,8,1
10,3,RC,CE,3,1
10,3,RC,CE,2,0
10,3,RC,CE,6,1
10,3,RC,CE,0,1
10,3,RC,CE,0,1
10,1,RC,NonCE,1,1
10,1,RC,NonCE,2,1
10,3,RC,CE,7,1
10,2,NonRC,NonCE,3,1
10,4,NonRC,CE,0,1
10,3,RC,CE,0,0
10,2,NonRC,NonCE,7,1
10,1,RC,NonCE,0,1
10,1,RC,NonCE,2,1
10,1,RC,NonCE,8,1
10,1,RC,NonCE,3,1
10,3,RC,CE,7,1
10,4,NonRC,CE,5,1
10,4,NonRC,CE,8,1
10,3,RC,CE,2,1
10,4,NonRC,CE,7,1
10,3,RC,CE,2,1
10,4,NonRC,CE,2,1
10,1,RC,NonCE,2,1
10,3,RC,CE,1,1
10,3,RC,CE,2,1
10,3,RC,CE,5,1
10,3,RC,CE,8,1
10,1,RC,NonCE,6,1
10,3,RC,CE,8,1
10,3,RC,CE,7,1
10,2,NonRC,NonCE,0,1
10,2,NonRC,NonCE,7,1
10,2,NonRC,NonCE,2,1
10,2,NonRC,NonCE,1,1
10,2,NonRC,NonCE,6,1
10,2,NonRC,NonCE,1,1
10,2,NonRC,NonCE,3,1
10,2,NonRC,NonCE,1,1
10,4,NonRC,CE,3,1
10,1,RC,NonCE,0,1
10,4,NonRC,CE,1,1
10,1,RC,NonCE,1,1
10,3,RC,CE,1,1
10,3,RC,CE,5,1
10,4,NonRC,CE,1,1
10,4,NonRC,CE,1,1
10,3,RC,CE,2,1
10,4,NonRC,CE,0,1
10,1,RC,NonCE,3,1
10,2,NonRC,NonCE,8,1
10,4,NonRC,CE,3,1
10,4,NonRC,CE,2,1
10,1,RC,NonCE,4,1
10,4,NonRC,CE,2,1
10,4,NonRC,CE,7,1
10,4,NonRC,CE,1,1
10,2,NonRC,NonCE,1,1
10,2,NonRC,NonCE,6,1
10,4,NonRC,CE,5,1
10,1,RC,NonCE,5,1
10,2,NonRC,NonCE,2,1
10,3,RC,CE,2,1
10,3,RC,CE,4,1
10,2,NonRC,NonCE,5,1
10,3,RC,CE,3,1
10,2,NonRC,NonCE,1,0
10,2,NonRC,NonCE,0,1
10,3,RC,CE,8,1
10,2,NonRC,NonCE,4,1
10,4,NonRC,CE,3,1
10,1,RC,NonCE,5,1
10,4,NonRC,CE,0,1
10,1,RC,NonCE,6,1
10,4,NonRC,CE,8,1
10,4,NonRC,CE,7,1
10,1,RC,NonCE,0,1
10,4,NonRC,CE,6,1
10,3,RC,CE,1,1
10,1,RC,NonCE,7,1
10,2,NonRC,NonCE,0,1
10,1,RC,NonCE,0,1
10,2,NonRC,NonCE,5,1
10,2,NonRC,NonCE,8,1
10,1,RC,NonCE,6,1
10,1,RC,NonCE,0,1
11,3,RC,CE,5,1
11,1,RC,NonCE,0,0
11,1,RC,NonCE,2,1
11,3,RC,CE,6,1
11,4,NonRC,CE,0,1
11,4,NonRC,CE,8,1
11,2,NonRC,NonCE,1,1
11,4,NonRC,CE,0,1
11,3,RC,CE,1,1
11,2,NonRC,NonCE,2,1
11,4,NonRC,CE,5,1
11,4,NonRC,CE,1,1
11,2,NonRC,NonCE,8,1
11,2,NonRC,NonCE,0,1
11,1,RC,NonCE,1,1
11,3,RC,CE,4,1
11,1,RC,NonCE,3,1
11,3,RC,CE,5,1
11,1,RC,NonCE,4,1
11,1,RC,NonCE,1,1
11,4,NonRC,CE,2,1
11,4,NonRC,CE,2,1
11,4,NonRC,CE,0,1
11,4,NonRC,CE,8,1
11,4,NonRC,CE,4,0
11,2,NonRC,NonCE,2,1
11,2,NonRC,NonCE,0,1
11,3,RC,CE,0,1
11,1,RC,NonCE,1,1
11,3,RC,CE,0,1
11,2,NonRC,NonCE,7,1
11,3,RC,CE,0,1
11,4,NonRC,CE,6,1
11,1,RC,NonCE,2,1
11,1,RC,NonCE,4,1
11,1,RC,NonCE,5,1
11,4,NonRC,CE,6,1
11,1,RC,NonCE,1,1
11,2,NonRC,NonCE,4,1
11,1,RC,NonCE,2,1
11,3,RC,CE,0,1
11,1,RC,NonCE,8,1
11,1,RC,NonCE,5,1
11,4,NonRC,CE,5,1
11,2,NonRC,NonCE,2,1
11,3,RC,CE,4,1
11,4,NonRC,CE,0,1
11,1,RC,NonCE,0,1
11,1,RC,NonCE,8,1
11,2,NonRC,NonCE,1,1
11,2,NonRC,NonCE,3,1
11,4,NonRC,CE,1,1
11,3,RC,CE,1,0
11,2,NonRC,NonCE,5,1
11,4,NonRC,CE,4,1
11,2,NonRC,NonCE,6,0
11,3,RC,CE,1,1
11,3,RC,CE,3,0
11,4,NonRC,CE,1,1
11,4,NonRC,CE,2,1
11,1,RC,NonCE,7,1
11,1,RC,NonCE,1,1
11,3,RC,CE,6,0
11,2,NonRC,NonCE,0,1
11,2,NonRC,NonCE,4,1
11,1,RC,NonCE,7,1
11,4,NonRC,CE,4,0
11,1,RC,NonCE,8,0
11,3,RC,CE,8,1
11,3,RC,CE,1,1
11,2,NonRC,NonCE,2,1
11,2,NonRC,NonCE,5,0
11,2,NonRC,NonCE,0,1
11,2,NonRC,NonCE,8,1
11,3,RC,CE,3,1
11,3,RC,CE,2,1
11,3,RC,CE,6,1
11,3,RC,CE,0,1
11,3,RC,CE,0,1
11,1,RC,NonCE,1,1
11,1,RC,NonCE,2,1
11,3,RC,CE,7,1
11,2,NonRC,NonCE,3,1
11,4,NonRC,CE,0,0
11,3,RC,CE,0,1
11,2,NonRC,NonCE,7,1
11,1,RC,NonCE,0,1
11,1,RC,NonCE,2,1
11,1,RC,NonCE,8,1
11,1,RC,NonCE,3,1
11,3,RC,CE,7,1
11,4,NonRC,CE,5,1
11,4,NonRC,CE,8,1
11,3,RC,CE,2,1
11,4,NonRC,CE,7,1
11,3,RC,CE,2,1
11,4,NonRC,CE,2,0
11,1,RC,NonCE,2,1
11,3,RC,CE,1,1
11,3,RC,CE,2,1
11,3,RC,CE,5,1
11,3,RC,CE,8,1
11,1,RC,NonCE,6,1
11,3,RC,CE,8,1
11,3,RC,CE,7,1
11,2,NonRC,NonCE,0,1
11,2,NonRC,NonCE,7,1
11,2,NonRC,NonCE,2,1
11,2,NonRC,NonCE,1,0
11,2,NonRC,NonCE,6,1
11,2,NonRC,NonCE,1,1
11,2,NonRC,NonCE,3,1
11,2,NonRC,NonCE,1,1
11,4,NonRC,CE,3,1
11,1,RC,NonCE,0,1
11,4,NonRC,CE,1,1
11,1,RC,NonCE,1,1
11,3,RC,CE,1,1
11,3,RC,CE,5,1
11,4,NonRC,CE,1,1
11,4,NonRC,CE,1,1
11,3,RC,CE,2,0
11,4,NonRC,CE,0,1
11,1,RC,NonCE,3,1
11,2,NonRC,NonCE,8,1
11,4,NonRC,CE,3,1
11,4,NonRC,CE,2,1
11,1,RC,NonCE,4,1
11,4,NonRC,CE,2,1
11,4,NonRC,CE,7,1
11,4,NonRC,CE,1,1
11,2,NonRC,NonCE,1,1
11,2,NonRC,NonCE,6,1
11,4,NonRC,CE,5,1
11,1,RC,NonCE,5,1
11,2,NonRC,NonCE,2,1
11,3,RC,CE,2,1
11,3,RC,CE,4,1
11,2,NonRC,NonCE,5,1
11,3,RC,CE,3,1
11,2,NonRC,NonCE,1,1
11,2,NonRC,NonCE,0,1
11,3,RC,CE,8,1
11,2,NonRC,NonCE,4,1
11,4,NonRC,CE,3,0
11,1,RC,NonCE,5,1
11,4,NonRC,CE,0,1
11,1,RC,NonCE,6,1
11,4,NonRC,CE,8,1
11,4,NonRC,CE,7,1
11,1,RC,NonCE,0,1
11,4,NonRC,CE,6,1
11,3,RC,CE,1,1
11,1,RC,NonCE,7,1
11,2,NonRC,NonCE,0,1
11,1,RC,NonCE,0,1
11,2,NonRC,NonCE,5,1
11,2,NonRC,NonCE,8,1
11,1,RC,NonCE,6,1
11,1,RC,NonCE,0,1
12,3,RC,CE,5,1
12,1,RC,NonCE,0,1
12,1,RC,NonCE,2,1
12,3,RC,CE,6,1
12,4,NonRC,CE,0,1
12,4,NonRC,CE,8,1
12,2,NonRC,NonCE,1,1
12,4,NonRC,CE,0,1
12,3,RC,CE,1,1
12,2,NonRC,NonCE,2,1
12,4,NonRC,CE,5,1
12,4,NonRC,CE,1,1
12,2,NonRC,NonCE,8,1
12,2,NonRC,NonCE,0,1
12,1,RC,NonCE,1,1
12,3,RC,CE,4,1
12,1,RC,NonCE,3,0
12,3,RC,CE,5,1
12,1,RC,NonCE,4,1
12,1,RC,NonCE,1,1
12,4,NonRC,CE,2,1
12,4,NonRC,CE,2,1
12,4,NonRC,CE,0,0
12,4,NonRC,CE,8,1
12,4,NonRC,CE,4,1
12,2,NonRC,NonCE,2,1
12,2,NonRC,NonCE,0,1
12,3,RC,CE,0,1
12,1,RC,NonCE,1,1
12,3,RC,CE,0,1
12,2,NonRC,NonCE,7,1
12,3,RC,CE,0,1
12,4,NonRC,CE,6,1
12,1,RC,NonCE,2,1
12,1,RC,NonCE,4,1
12,1,RC,NonCE,5,1
12,4,NonRC,CE,6,1
12,1,RC,NonCE,1,1
12,2,NonRC,NonCE,4,1
12,1,RC,NonCE,2,1
12,3,RC,CE,0,1
12,1,RC,NonCE,8,1
12,1,RC,NonCE,5,1
12,4,NonRC,CE,5,1
12,2,NonRC,NonCE,2,1
12,3,RC,CE,4,1
12,4,NonRC,CE,0,0
12,1,RC,NonCE,0,1
12,1,RC,NonCE,8,1
12,2,NonRC,NonCE,1,1
12,2,NonRC,NonCE,3,1
12,4,NonRC,CE,1,1
12,3,RC,CE,1,1
12,2,NonRC,NonCE,5,1
12,4,NonRC,CE,4,1
12,2,NonRC,NonCE,6,1
12,3,RC,CE,1,1
12,3,RC,CE,3,1
12,4,NonRC,CE,1,0
12,4,NonRC,CE,2,1
12,1,RC,NonCE,7,1
12,1,RC,NonCE,1,1
12,3,RC,CE,6,1
12,2,NonRC,NonCE,0,1
12,2,NonRC,NonCE,4,1
12,1,RC,NonCE,7,1
12,4,NonRC,CE,4,0
12,1,RC,NonCE,8,1
12,3,RC,CE,8,1
12,3,RC,CE,1,1
12,2,NonRC,NonCE,2,1
12,2,NonRC,NonCE,5,0
12,2,NonRC,NonCE,0,1
12,2,NonRC,NonCE,8,1
12,3,RC,CE,3,1
12,3,RC,CE,2,1
12,3,RC,CE,6,1
12,3,RC,CE,0,1
12,3,RC,CE,0,1
12,1,RC,NonCE,1,1
12,1,RC,NonCE,2,1
12,3,RC,CE,7,1
12,2,NonRC,NonCE,3,1
12,4,NonRC,CE,0,1
12,3,RC,CE,0,1
12,2,NonRC,NonCE,7,1
12,1,RC,NonCE,0,1
12,1,RC,NonCE,2,1
12,1,RC,NonCE,8,1
12,1,RC,NonCE,3,1
12,3,RC,CE,7,1
12,4,NonRC,CE,5,1
12,4,NonRC,CE,8,1
12,3,RC,CE,2,1
12,4,NonRC,CE,7,1
12,3,RC,CE,2,1
12,4,NonRC,CE,2,1
12,1,RC,NonCE,2,1
12,3,RC,CE,1,1
12,3,RC,CE,2,1
12,3,RC,CE,5,1
12,3,RC,CE,8,1
12,1,RC,NonCE,6,1
12,3,RC,CE,8,1
12,3,RC,CE,7,1
12,2,NonRC,NonCE,0,1
12,2,NonRC,NonCE,7,1
12,2,NonRC,NonCE,2,1
12,2,NonRC,NonCE,1,1
12,2,NonRC,NonCE,6,1
12,2,NonRC,NonCE,1,1
12,2,NonRC,NonCE,3,1
12,2,NonRC,NonCE,1,1
12,4,NonRC,CE,3,1
12,1,RC,NonCE,0,1
12,4,NonRC,CE,1,1
12,1,RC,NonCE,1,1
12,3,RC,CE,1,1
12,3,RC,CE,5,1
12,4,NonRC,CE,1,1
12,4,NonRC,CE,1,1
12,3,RC,CE,2,1
12,4,NonRC,CE,0,1
12,1,RC,NonCE,3,1
12,2,NonRC,NonCE,8,1
12,4,NonRC,CE,3,1
12,4,NonRC,CE,2,1
12,1,RC,NonCE,4,0
12,4,NonRC,CE,2,1
12,4,NonRC,CE,7,1
12,4,NonRC,CE,1,1
12,2,NonRC,NonCE,1,1
12,2,NonRC,NonCE,6,1
12,4,NonRC,CE,5,1
12,1,RC,NonCE,5,1
12,2,NonRC,NonCE,2,1
12,3,RC,CE,2,1
12,3,RC,CE,4,1
12,2,NonRC,NonCE,5,1
12,3,RC,CE,3,1
12,2,NonRC,NonCE,1,1
12,2,NonRC,NonCE,0,1
12,3,RC,CE,8,1
12,2,NonRC,NonCE,4,0
12,4,NonRC,CE,3,1
12,1,RC,NonCE,5,1
12,4,NonRC,CE,0,1
12,1,RC,NonCE,6,1
12,4,NonRC,CE,8,1
12,4,NonRC,CE,7,1
12,1,RC,NonCE,0,1
12,4,NonRC,CE,6,1
12,3,RC,CE,1,1
12,1,RC,NonCE,7,1
12,2,NonRC,NonCE,0,1
12,1,RC,NonCE,0,1
12,2,NonRC,NonCE,5,1
12,2,NonRC,NonCE,8,1
12,1,RC,NonCE,6,1
12,1,RC,NonCE,0,0
13,3,RC,CE,5,1
13,1,RC,NonCE,0,1
13,1,RC,NonCE,2,1
13,3,RC,CE,6,1
13,4,NonRC,CE,0,1
13,4,NonRC,CE,8,1
13,2,NonRC,NonCE,1,1
13,4,NonRC,CE,0,1
13,3,RC,CE,1,1
13,2,NonRC,NonCE,2,1
13,4,NonRC,CE,5,1
13,4,NonRC,CE,1,1
13,2,NonRC,NonCE,8,1
13,2,NonRC,NonCE,0,1
13,1,RC,NonCE,1,1
13,3,RC,CE,4,1
13,1,RC,NonCE,3,0
13,3,RC,CE,5,1
13,1,RC,NonCE,4,1
13,1,RC,NonCE,1,1
13,4,NonRC,CE,2,1
13,4,NonRC,CE,2,1
13,4,NonRC,CE,0,1
13,4,NonRC,CE,8,1
13,4,NonRC,CE,4,0
13,2,NonRC,NonCE,2,1
13,2,NonRC,NonCE,0,1
13,3,RC,CE,0,1
13,1,RC,NonCE,1,1
13,3,RC,CE,0,1
13,2,NonRC,NonCE,7,1
13,3,RC,CE,0,1
13,4,NonRC,CE,6,1
13,1,RC,NonCE,2,1
13,1,RC,NonCE,4,1
13,1,RC,NonCE,5,1
13,4,NonRC,CE,6,1
13,1,RC,NonCE,1,1
13,2,NonRC,NonCE,4,1
13,1,RC,NonCE,2,1
13,3,RC,CE,0,1
13,1,RC,NonCE,8,1
13,1,RC,NonCE,5,0
13,4,NonRC,CE,5,1
13,2,NonRC,NonCE,2,1
13,3,RC,CE,4,1
13,4,NonRC,CE,0,1
13,1,RC,NonCE,0,0
13,1,RC,NonCE,8,1
13,2,NonRC,NonCE,1,1
13,2,NonRC,NonCE,3,1
13,4,NonRC,CE,1,1
13,3,RC,CE,1,1
13,2,NonRC,NonCE,5,1
13,4,NonRC,CE,4,1
13,2,NonRC,NonCE,6,1
13,3,RC,CE,1,1
13,3,RC,CE,3,1
13,4,NonRC,CE,1,1
13,4,NonRC,CE,2,1
13,1,RC,NonCE,7,1
13,1,RC,NonCE,1,1
13,3,RC,CE,6,1
13,2,NonRC,NonCE,0,1
13,2,NonRC,NonCE,4,1
13,1,RC,NonCE,7,1
13,4,NonRC,CE,4,0
13,1,RC,NonCE,8,1
13,3,RC,CE,8,1
13,3,RC,CE,1,1
13,2,NonRC,NonCE,2,1
13,2,NonRC,NonCE,5,1
13,2,NonRC,NonCE,0,1
13,2,NonRC,NonCE,8,1
13,3,RC,CE,3,1
13,3,RC,CE,2,1
13,3,RC,CE,6,1
13,3,RC,CE,0,1
13,3,RC,CE,0,1
13,1,RC,NonCE,1,1
13,1,RC,NonCE,2,1
13,3,RC,CE,7,1
13,2,NonRC,NonCE,3,0
13,4,NonRC,CE,0,1
13,3,RC,CE,0,0
13,2,NonRC,NonCE,7,1
13,1,RC,NonCE,0,1
13,1,RC,NonCE,2,1
13,1,RC,NonCE,8,1
13,1,RC,NonCE,3,1
13,3,RC,CE,7,1
13,4,NonRC,CE,5,1
13,4,NonRC,CE,8,1
13,3,RC,CE,2,1
13,4,NonRC,CE,7,1
13,3,RC,CE,2,1
13,4,NonRC,CE,2,1
13,1,RC,NonCE,2,1
13,3,RC,CE,1,1
13,3,RC,CE,2,1
13,3,RC,CE,5,1
13,3,RC,CE,8,1
13,1,RC,NonCE,6,1
13,3,RC,CE,8,1
13,3,RC,CE,7,1
13,2,NonRC,NonCE,0,1
13,2,NonRC,NonCE,7,1
13,2,NonRC,NonCE,2,1
13,2,NonRC,NonCE,1,1
13,2,NonRC,NonCE,6,1
13,2,NonRC,NonCE,1,1
13,2,NonRC,NonCE,3,1
13,2,NonRC,NonCE,1,1
13,4,NonRC,CE,3,1
13,1,RC,NonCE,0,1
13,4,NonRC,CE,1,1
13,1,RC,NonCE,1,1
13,3,RC,CE,1,1
13,3,RC,CE,5,1
13,4,NonRC,CE,1,1
13,4,NonRC,CE,1,1
13,3,RC,CE,2,1
13,4,NonRC,CE,0,1
13,1,RC,NonCE,3,1
13,2,NonRC,NonCE,8,1
13,4,NonRC,CE,3,1
13,4,NonRC,CE,2,1
13,1,RC,NonCE,4,1
13,4,NonRC,CE,2,1
13,4,NonRC,CE,7,1
13,4,NonRC,CE,1,1
13,2,NonRC,NonCE,1,1
13,2,NonRC,NonCE,6,0
13,4,NonRC,CE,5,1
13,1,RC,NonCE,5,1
13,2,NonRC,NonCE,2,1
13,3,RC,CE,2,1
13,3,RC,CE,4,1
13,2,NonRC,NonCE,5,1
13,3,RC,CE,3,1
13,2,NonRC,NonCE,1,1
13,2,NonRC,NonCE,0,1
13,3,RC,CE,8,1
13,2,NonRC,NonCE,4,1
13,4,NonRC,CE,3,1
13,1,RC,NonCE,5,1
13,4,NonRC,CE,0,1
13,1,RC,NonCE,6,1
13,4,NonRC,CE,8,1
13,4,NonRC,CE,7,1
13,1,RC,NonCE,0,1
13,4,NonRC,CE,6,1
13,3,RC,CE,1,1
13,1,RC,NonCE,7,1
13,2,NonRC,NonCE,0,1
13,1,RC,NonCE,0,1
13,2,NonRC,NonCE,5,1
13,2,NonRC,NonCE,8,1
13,1,RC,NonCE,6,1
13,1,RC,NonCE,0,0
14,3,RC,CE,5,1
14,1,RC,NonCE,0,0
14,1,RC,NonCE,2,1
14,3,RC,CE,6,1
14,4,NonRC,CE,0,1
14,4,NonRC,CE,8,1
14,2,NonRC,NonCE,1,1
14,4,NonRC,CE,0,1
14,3,RC,CE,1,1
14,2,NonRC,NonCE,2,1
14,4,NonRC,CE,5,1
14,4,NonRC,CE,1,1
14,2,NonRC,NonCE,8,1
14,2,NonRC,NonCE,0,1
14,1,RC,NonCE,1,1
14,3,RC,CE,4,1
14,1,RC,NonCE,3,1
14,3,RC,CE,5,1
14,1,RC,NonCE,4,0
14,1,RC,NonCE,1,1
14,4,NonRC,CE,2,1
14,4,NonRC,CE,2,1
14,4,NonRC,CE,0,1
14,4,NonRC,CE,8,1
14,4,NonRC,CE,4,0
14,2,NonRC,NonCE,2,1
14,2,NonRC,NonCE,0,1
14,3,RC,CE,0,1
14,1,RC,NonCE,1,1
14,3,RC,CE,0,1
14,2,NonRC,NonCE,7,1
14,3,RC,CE,0,1
14,4,NonRC,CE,6,1
14,1,RC,NonCE,2,1
14,1,RC,NonCE,4,1
14,1,RC,NonCE,5,1
14,4,NonRC,CE,6,1
14,1,RC,NonCE,1,1
14,2,NonRC,NonCE,4,0
14,1,RC,NonCE,2,1
14,3,RC,CE,0,1
14,1,RC,NonCE,8,1
14,1,RC,NonCE,5,1
14,4,NonRC,CE,5,1
14,2,NonRC,NonCE,2,1
14,3,RC,CE,4,1
14,4,NonRC,CE,0,1
14,1,RC,NonCE,0,1
14,1,RC,NonCE,8,1
14,2,NonRC,NonCE,1,1
14,2,NonRC,NonCE,3,1
14,4,NonRC,CE,1,1
14,3,RC,CE,1,1
14,2,NonRC,NonCE,5,1
14,4,NonRC,CE,4,0
14,2,NonRC,NonCE,6,1
14,3,RC,CE,1,1
14,3,RC,CE,3,1
14,4,NonRC,CE,1,0
14,4,NonRC,CE,2,1
14,1,RC,NonCE,7,1
14,1,RC,NonCE,1,1
14,3,RC,CE,6,1
14,2,NonRC,NonCE,0,1
14,2,NonRC,NonCE,4,1
14,1,RC,NonCE,7,1
14,4,NonRC,CE,4,0
14,1,RC,NonCE,8,1
14,3,RC,CE,8,1
14,3,RC,CE,1,1
14,2,NonRC,NonCE,2,1
14,2,NonRC,NonCE,5,1
14,2,NonRC,NonCE,0,1
14,2,NonRC,NonCE,8,1
14,3,RC,CE,3,1
14,3,RC,CE,2,1
14,3,RC,CE,6,1
14,3,RC,CE,0,1
14,3,RC,CE,0,1
14,1,RC,NonCE,1,1
14,1,RC,NonCE,2,1
14,3,RC,CE,7,1
14,2,NonRC,NonCE,3,1
14,4,NonRC,CE,0,1
14,3,RC,CE,0,1
14,2,NonRC,NonCE,7,1
14,1,RC,NonCE,0,1
14,1,RC,NonCE,2,1
14,1,RC,NonCE,8,1
14,1,RC,NonCE,3,1
14,3,RC,CE,7,1
14,4,NonRC,CE,5,1
14,4,NonRC,CE,8,1
14,3,RC,CE,2,1
14,4,NonRC,CE,7,1
14,3,RC,CE,2,1
14,4,NonRC,CE,2,1
14,1,RC,NonCE,2,0
14,3,RC,CE,1,1
14,3,RC,CE,2,1
14,3,RC,CE,5,1
14,3,RC,CE,8,1
14,1,RC,NonCE,6,1
14,3,RC,CE,8,1
14,3,RC,CE,7,1
14,2,NonRC,NonCE,0,1
14,2,NonRC,NonCE,7,1
14,2,NonRC,NonCE,2,1
14,2,NonRC,NonCE,1,1
14,2,NonRC,NonCE,6,1
14,2,NonRC,NonCE,1,1
14,2,NonRC,NonCE,3,1
14,2,NonRC,NonCE,1,1
14,4,NonRC,CE,3,0
14,1,RC,NonCE,0,1
14,4,NonRC,CE,1,1
14,1,RC,NonCE,1,1
14,3,RC,CE,1,1
14,3,RC,CE,5,1
14,4,NonRC,CE,1,1
14,4,NonRC,CE,1,1
14,3,RC,CE,2,1
14,4,NonRC,CE,0,1
14,1,RC,NonCE,3,1
14,2,NonRC,NonCE,8,1
14,4,NonRC,CE,3,1
14,4,NonRC,CE,2,1
14,1,RC,NonCE,4,1
14,4,NonRC,CE,2,1
14,4,NonRC,CE,7,1
14,4,NonRC,CE,1,1
14,2,NonRC,NonCE,1,1
14,2,NonRC,NonCE,6,1
14,4,NonRC,CE,5,1
14,1,RC,NonCE,5,1
14,2,NonRC,NonCE,2,1
14,3,RC,CE,2,1
14,3,RC,CE,4,1
14,2,NonRC,NonCE,5,1
14,3,RC,CE,3,0
14,2,NonRC,NonCE,1,1
14,2,NonRC,NonCE,0,1
14,3,RC,CE,8,1
14,2,NonRC,NonCE,4,1
14,4,NonRC,CE,3,0
14,1,RC,NonCE,5,1
14,4,NonRC,CE,0,1
14,1,RC,NonCE,6,1
14,4,NonRC,CE,8,0
14,4,NonRC,CE,7,1
14,1,RC,NonCE,0,1
14,4,NonRC,CE,6,1
14,3,RC,CE,1,1
14,1,RC,NonCE,7,1
14,2,NonRC,NonCE,0,1
14,1,RC,NonCE,0,1
14,2,NonRC,NonCE,5,1
14,2,NonRC,NonCE,8,1
14,1,RC,NonCE,6,1
14,1,RC,NonCE,0,0
15,3,RC,CE,5,1
15,1,RC,NonCE,0,1
15,1,RC,NonCE,2,1
15,3,RC,CE,6,1
15,4,NonRC,CE,0,1
15,4,NonRC,CE,8,1
15,2,NonRC,NonCE,1,1
15,4,NonRC,CE,0,1
15,3,RC,CE,1,1
15,2,NonRC,NonCE,2,1
15,4,NonRC,CE,5,1
15,4,NonRC,CE,1,1
15,2,NonRC,NonCE,8,1
15,2,NonRC,NonCE,0,1
15,1,RC,NonCE,1,1
15,3,RC,CE,4,1
15,1,RC,NonCE,3,1
15,3,RC,CE,5,0
15,1,RC,NonCE,4,1
15,1,RC,NonCE,1,1
15,4,NonRC,CE,2,1
15,4,NonRC,CE,2,1
15,4,NonRC,CE,0,1
15,4,NonRC,CE,8,1
15,4,NonRC,CE,4,1
15,2,NonRC,NonCE,2,1
15,2,NonRC,NonCE,0,1
15,3,RC,CE,0,0
15,1,RC,NonCE,1,1
15,3,RC,CE,0,1
15,2,NonRC,NonCE,7,1
15,3,RC,CE,0,1
15,4,NonRC,CE,6,1
15,1,RC,NonCE,2,1
15,1,RC,NonCE,4,1
15,1,RC,NonCE,5,1
15,4,NonRC,CE,6,1
15,1,RC,NonCE,1,1
15,2,NonRC,NonCE,4,1
15,1,RC,NonCE,2,1
15,3,RC,CE,0,1
15,1,RC,NonCE,8,1
15,1,RC,NonCE,5,1
15,4,NonRC,CE,5,0
15,2,NonRC,NonCE,2,1
15,3,RC,CE,4,1
15,4,NonRC,CE,0,1
15,1,RC,NonCE,0,1
15,1,RC,NonCE,8,1
15,2,NonRC,NonCE,1,1
15,2,NonRC,NonCE,3,1
15,4,NonRC,CE,1,1
15,3,RC,CE,1,1
15,2,NonRC,NonCE,5,1
15,4,NonRC,CE,4,1
15,2,NonRC,NonCE,6,1
15,3,RC,CE,1,1
15,3,RC,CE,3,1
15,4,NonRC,CE,1,1
15,4,NonRC,CE,2,1
15,1,RC,NonCE,7,1
15,1,RC,NonCE,1,1
15,3,RC,CE,6,1
15,2,NonRC,NonCE,0,1
15,2,NonRC,NonCE,4,1
15,1,RC,NonCE,7,1
15,4,NonRC,CE,4,1
15,1,RC,NonCE,8,1
15,3,RC,CE,8,1
15,3,RC,CE,1,1
15,2,NonRC,NonCE,2,1
15,2,NonRC,NonCE,5,0
15,2,NonRC,NonCE,0,1
15,2,NonRC,NonCE,8,0
15,3,RC,CE,3,1
15,3,RC,CE,2,1
15,3,RC,CE,6,1
15,3,RC,CE,0,1
15,3,RC,CE,0,1
15,1,RC,NonCE,1,1
15,1,RC,NonCE,2,1
15,3,RC,CE,7,1
15,2,NonRC,NonCE,3,1
15,4,NonRC,CE,0,1
15,3,RC,CE,0,1
15,2,NonRC,NonCE,7,1
15,1,RC,NonCE,0,1
15,1,RC,NonCE,2,1
15,1,RC,NonCE,8,1
15,1,RC,NonCE,3,1
15,3,RC,CE,7,1
15,4,NonRC,CE,5,1
15,4,NonRC,CE,8,1
15,3,RC,CE,2,1
15,4,NonRC,CE,7,1
15,3,RC,CE,2,1
15,4,NonRC,CE,2,1
15,1,RC,NonCE,2,1
15,3,RC,CE,1,1
15,3,RC,CE,2,1
15,3,RC,CE,5,1
15,3,RC,CE,8,1
15,1,RC,NonCE,6,1
15,3,RC,CE,8,1
15,3,RC,CE,7,1
15,2,NonRC,NonCE,0,1
15,2,NonRC,NonCE,7,1
15,2,NonRC,NonCE,2,1
15,2,NonRC,NonCE,1,1
15,2,NonRC,NonCE,6,1
15,2,NonRC,NonCE,1,0
15,2,NonRC,NonCE,3,1
15,2,NonRC,NonCE,1,1
15,4,NonRC,CE,3,1
15,1,RC,NonCE,0,1
15,4,NonRC,CE,1,1
15,1,RC,NonCE,1,1
15,3,RC,CE,1,1
15,3,RC,CE,5,1
15,4,NonRC,CE,1,1
15,4,NonRC,CE,1,1
15,3,RC,CE,2,1
15,4,NonRC,CE,0,1
15,1,RC,NonCE,3,1
15,2,NonRC,NonCE,8,1
15,4,NonRC,CE,3,1
15,4,NonRC,CE,2,1
15,1,RC,NonCE,4,1
15,4,NonRC,CE,2,1
15,4,NonRC,CE,7,1
15,4,NonRC,CE,1,1
15,2,NonRC,NonCE,1,1
15,2,NonRC,NonCE,6,1
15,4,NonRC,CE,5,1
15,1,RC,NonCE,5,1
15,2,NonRC,NonCE,2,1
15,3,RC,CE,2,1
15,3,RC,CE,4,1
15,2,NonRC,NonCE,5,0
15,3,RC,CE,3,1
15,2,NonRC,NonCE,1,1
15,2,NonRC,NonCE,0,0
15,3,RC,CE,8,1
15,2,NonRC,NonCE,4,1
15,4,NonRC,CE,3,1
15,1,RC,NonCE,5,1
15,4,NonRC,CE,0,1
15,1,RC,NonCE,6,1
15,4,NonRC,CE,8,1
15,4,NonRC,CE,7,1
15,1,RC,NonCE,0,1
15,4,NonRC,CE,6,1
15,3,RC,CE,1,1
15,1,RC,NonCE,7,1
15,2,NonRC,NonCE,0,0
15,1,RC,NonCE,0,1
15,2,NonRC,NonCE,5,1
15,2,NonRC,NonCE,8,1
15,1,RC,NonCE,6,1
15,1,RC,NonCE,0,1
16,3,RC,CE,5,1
16,1,RC,NonCE,0,1
16,1,RC,NonCE,2,1
16,3,RC,CE,6,1
16,4,NonRC,CE,0,1
16,4,NonRC,CE,8,1
16,2,NonRC,NonCE,1,1
16,4,NonRC,CE,0,1
16,3,RC,CE,1,1
16,2,NonRC,NonCE,2,1
16,4,NonRC,CE,5,0
16,4,NonRC,CE,1,1
16,2,NonRC,NonCE,8,1
16,2,NonRC,NonCE,0,0
16,1,RC,NonCE,1,1
16,3,RC,CE,4,0
16,1,RC,NonCE,3,0
16,3,RC,CE,5,1
16,1,RC,NonCE,4,1
16,1,RC,NonCE,1,1
16,4,NonRC,CE,2,1
16,4,NonRC,CE,2,1
16,4,NonRC,CE,0,1
16,4,NonRC,CE,8,1
16,4,NonRC,CE,4,0
16,2,NonRC,NonCE,2,1
16,2,NonRC,NonCE,0,1
16,3,RC,CE,0,1
16,1,RC,NonCE,1,1
16,3,RC,CE,0,1
16,2,NonRC,NonCE,7,1
16,3,RC,CE,0,1
16,4,NonRC,CE,6,1
16,1,RC,NonCE,2,1
16,1,RC,NonCE,4,0
16,1,RC,NonCE,5,1
16,4,NonRC,CE,6,0
16,1,RC,NonCE,1,1
16,2,NonRC,NonCE,4,1
16,1,RC,NonCE,2,1
16,3,RC,CE,0,1
16,1,RC,NonCE,8,0
16,1,RC,NonCE,5,1
16,4,NonRC,CE,5,1
16,2,NonRC,NonCE,2,1
16,3,RC,CE,4,1
16,4,NonRC,CE,0,1
16,1,RC,NonCE,0,0
16,1,RC,NonCE,8,1
16,2,NonRC,NonCE,1,1
16,2,NonRC,NonCE,3,0
16,4,NonRC,CE,1,1
16,3,RC,CE,1,1
16,2,NonRC,NonCE,5,1
16,4,NonRC,CE,4,1
16,2,NonRC,NonCE,6,1
16,3,RC,CE,1,1
16,3,RC,CE,3,1
16,4,NonRC,CE,1,1
16,4,NonRC,CE,2,1
16,1,RC,NonCE,7,1
16,1,RC,NonCE,1,1
16,3,RC,CE,6,1
16,2,NonRC,NonCE,0,1
16,2,NonRC,NonCE,4,1
16,1,RC,NonCE,7,1
16,4,NonRC,CE,4,0
16,1,RC,NonCE,8,0
16,3,RC,CE,8,1
16,3,RC,CE,1,1
16,2,NonRC,NonCE,2,1
16,2,NonRC,NonCE,5,0
16,2,NonRC,NonCE,0,1
16,2,NonRC,NonCE,8,1
16,3,RC,CE,3,1
16,3,RC,CE,2,1
16,3,RC,CE,6,1
16,3,RC,CE,0,1
16,3,RC,CE,0,1
16,1,RC,NonCE,1,1
16,1,RC,NonCE,2,1
16,3,RC,CE,7,1
16,2,NonRC,NonCE,3,1
16,4,NonRC,CE,0,0
16,3,RC,CE,0,1
16,2,NonRC,NonCE,7,1
16,1,RC,NonCE,0,0
16,1,RC,NonCE,2,1
16,1,RC,NonCE,8,1
16,1,RC,NonCE,3,0
16,3,RC,CE,7,1
16,4,NonRC,CE,5,1
16,4,NonRC,CE,8,1
16,3,RC,CE,2,1
16,4,NonRC,CE,7,1
16,3,RC,CE,2,1
16,4,NonRC,CE,2,1
16,1,RC,NonCE,2,1
16,3,RC,CE,1,1
16,3,RC,CE,2,1
16,3,RC,CE,5,1
16,3,RC,CE,8,1
16,1,RC,NonCE,6,0
16,3,RC,CE,8,1
16,3,RC,CE,7,1
16,2,NonRC,NonCE,0,1
16,2,NonRC,NonCE,7,1
16,2,NonRC,NonCE,2,1
16,2,NonRC,NonCE,1,1
16,2,NonRC,NonCE,6,1
16,2,NonRC,NonCE,1,0
16,2,NonRC,NonCE,3,1
16,2,NonRC,NonCE,1,1
16,4,NonRC,CE,3,1
16,1,RC,NonCE,0,1
16,4,NonRC,CE,1,1
16,1,RC,NonCE,1,1
16,3,RC,CE,1,0
16,3,RC,CE,5,1
16,4,NonRC,CE,1,1
16,4,NonRC,CE,1,1
16,3,RC,CE,2,0
16,4,NonRC,CE,0,1
16,1,RC,NonCE,3,1
16,2,NonRC,NonCE,8,0
16,4,NonRC,CE,3,1
16,4,NonRC,CE,2,1
16,1,RC,NonCE,4,1
16,4,NonRC,CE,2,1
16,4,NonRC,CE,7,1
16,4,NonRC,CE,1,1
16,2,NonRC,NonCE,1,1
16,2,NonRC,NonCE,6,1
16,4,NonRC,CE,5,1
16,1,RC,NonCE,5,1
16,2,NonRC,NonCE,2,1
16,3,RC,CE,2,1
16,3,RC,CE,4,0
16,2,NonRC,NonCE,5,0
16,3,RC,CE,3,0
16,2,NonRC,NonCE,1,1
16,2,NonRC,NonCE,0,1
16,3,RC,CE,8,1
16,2,NonRC,NonCE,4,1
16,4,NonRC,CE,3,0
16,1,RC,NonCE,5,1
16,4,NonRC,CE,0,1
16,1,RC,NonCE,6,1
16,4,NonRC,CE,8,1
16,4,NonRC,CE,7,1
16,1,RC,NonCE,0,1
16,4,NonRC,CE,6,1
16,3,RC,CE,1,1
16,1,RC,NonCE,7,1
16,2,NonRC,NonCE,0,1
16,1,RC,NonCE,0,1
16,2,NonRC,NonCE,5,0
16,2,NonRC,NonCE,8,1
16,1,RC,NonCE,6,0
16,1,RC,NonCE,0,1
17,3,RC,CE,5,1
17,1,RC,NonCE,0,1
17,1,RC,NonCE,2,1
17,3,RC,CE,6,1
17,4,NonRC,CE,0,1
17,4,NonRC,CE,8,1
17,2,NonRC,NonCE,1,1
17,4,NonRC,CE,0,0
17,3,RC,CE,1,1
17,2,NonRC,NonCE,2,1
17,4,NonRC,CE,5,0
17,4,NonRC,CE,1,1
17,2,NonRC,NonCE,8,1
17,2,NonRC,NonCE,0,1
17,1,RC,NonCE,1,1
17,3,RC,CE,4,1
17,1,RC,NonCE,3,0
17,3,RC,CE,5,1
17,1,RC,NonCE,4,1
17,1,RC,NonCE,1,1
17,4,NonRC,CE,2,1
17,4,NonRC,CE,2,1
17,4,NonRC,CE,0,0
17,4,NonRC,CE,8,1
17,4,NonRC,CE,4,0
17,2,NonRC,NonCE,2,1
17,2,NonRC,NonCE,0,1
17,3,RC,CE,0,0
17,1,RC,NonCE,1,1
17,3,RC,CE,0,1
17,2,NonRC,NonCE,7,1
17,3,RC,CE,0,1
17,4,NonRC,CE,6,1
17,1,RC,NonCE,2,1
17,1,RC,NonCE,4,1
17,1,RC,NonCE,5,1
17,4,NonRC,CE,6,1
17,1,RC,NonCE,1,1
17,2,NonRC,NonCE,4,0
17,1,RC,NonCE,2,1
17,3,RC,CE,0,1
17,1,RC,NonCE,8,1
17,1,RC,NonCE,5,0
17,4,NonRC,CE,5,1
17,2,NonRC,NonCE,2,0
17,3,RC,CE,4,1
17,4,NonRC,CE,0,1
17,1,RC,NonCE,0,1
17,1,RC,NonCE,8,1
17,2,NonRC,NonCE,1,1
17,2,NonRC,NonCE,3,1
17,4,NonRC,CE,1,1
17,3,RC,CE,1,1
17,2,NonRC,NonCE,5,0
17,4,NonRC,CE,4,0
17,2,NonRC,NonCE,6,0
17,3,RC,CE,1,1
17,3,RC,CE,3,0
17,4,NonRC,CE,1,0
17,4,NonRC,CE,2,1
17,1,RC,NonCE,7,1
17,1,RC,NonCE,1,1
17,3,RC,CE,6,0
17,2,NonRC,NonCE,0,1
17,2,NonRC,NonCE,4,1
17,1,RC,NonCE,7,1
17,4,NonRC,CE,4,0
17,1,RC,NonCE,8,1
17,3,RC,CE,8,1
17,3,RC,CE,1,0
17,2,NonRC,NonCE,2,1
17,2,NonRC,NonCE,5,0
17,2,NonRC,NonCE,0,1
17,2,NonRC,NonCE,8,1
17,3,RC,CE,3,0
17,3,RC,CE,2,1
17,3,RC,CE,6,1
17,3,RC,CE,0,1
17,3,RC,CE,0,1
17,1,RC,NonCE,1,1
17,1,RC,NonCE,2,1
17,3,RC,CE,7,1
17,2,NonRC,NonCE,3,0
17,4,NonRC,CE,0,1
17,3,RC,CE,0,1
17,2,NonRC,NonCE,7,1
17,1,RC,NonCE,0,1
17,1,RC,NonCE,2,0
17,1,RC,NonCE,8,1
17,1,RC,NonCE,3,1
17,3,RC,CE,7,1
17,4,NonRC,CE,5,1
17,4,NonRC,CE,8,1
17,3,RC,CE,2,0
17,4,NonRC,CE,7,1
17,3,RC,CE,2,1
17,4,NonRC,CE,2,1
17,1,RC,NonCE,2,1
17,3,RC,CE,1,1
17,3,RC,CE,2,1
17,3,RC,CE,5,1
17,3,RC,CE,8,1
17,1,RC,NonCE,6,1
17,3,RC,CE,8,1
17,3,RC,CE,7,1
17,2,NonRC,NonCE,0,1
17,2,NonRC,NonCE,7,1
17,2,NonRC,NonCE,2,0
17,2,NonRC,NonCE,1,1
17,2,NonRC,NonCE,6,1
17,2,NonRC,NonCE,1,1
17,2,NonRC,NonCE,3,1
17,2,NonRC,NonCE,1,0
17,4,NonRC,CE,3,1
17,1,RC,NonCE,0,1
17,4,NonRC,CE,1,1
17,1,RC,NonCE,1,1
17,3,RC,CE,1,1
17,3,RC,CE,5,1
17,4,NonRC,CE,1,0
17,4,NonRC,CE,1,1
17,3,RC,CE,2,1
17,4,NonRC,CE,0,1
17,1,RC,NonCE,3,1
17,2,NonRC,NonCE,8,1
17,4,NonRC,CE,3,1
17,4,NonRC,CE,2,1
17,1,RC,NonCE,4,1
17,4,NonRC,CE,2,1
17,4,NonRC,CE,7,1
17,4,NonRC,CE,1,1
17,2,NonRC,NonCE,1,1
17,2,NonRC,NonCE,6,1
17,4,NonRC,CE,5,1
17,1,RC,NonCE,5,0
17,2,NonRC,NonCE,2,1
17,3,RC,CE,2,1
17,3,RC,CE,4,1
17,2,NonRC,NonCE,5,1
17,3,RC,CE,3,0
17,2,NonRC,NonCE,1,1
17,2,NonRC,NonCE,0,1
17,3,RC,CE,8,1
17,2,NonRC,NonCE,4,0
17,4,NonRC,CE,3,0
17,1,RC,NonCE,5,1
17,4,NonRC,CE,0,1
17,1,RC,NonCE,6,1
17,4,NonRC,CE,8,0
17,4,NonRC,CE,7,1
17,1,RC,NonCE,0,0
17,4,NonRC,CE,6,1
17,3,RC,CE,1,1
17,1,RC,NonCE,7,1
17,2,NonRC,NonCE,0,1
17,1,RC,NonCE,0,1
17,2,NonRC,NonCE,5,0
17,2,NonRC,NonCE,8,1
17,1,RC,NonCE,6,0
17,1,RC,NonCE,0,0
18,3,RC,CE,5,1
18,1,RC,NonCE,0,1
18,1,RC,NonCE,2,1
18,3,RC,CE,6,1
18,4,NonRC,CE,0,1
18,4,NonRC,CE,8,1
18,2,NonRC,NonCE,1,1
18,4,NonRC,CE,0,1
18,3,RC,CE,1,1
18,2,NonRC,NonCE,2,1
18,4,NonRC,CE,5,1
18,4,NonRC,CE,1,1
18,2,NonRC,NonCE,8,1
18,2,NonRC,NonCE,0,1
18,1,RC,NonCE,1,1
18,3,RC,CE,4,1
18,1,RC,NonCE,3,1
18,3,RC,CE,5,1
18,1,RC,NonCE,4,1
18,1,RC,NonCE,1,1
18,4,NonRC,CE,2,1
18,4,NonRC,CE,2,1
18,4,NonRC,CE,0,1
18,4,NonRC,CE,8,1
18,4,NonRC,CE,4,1
18,2,NonRC,NonCE,2,1
18,2,NonRC,NonCE,0,1
18,3,RC,CE,0,1
18,1,RC,NonCE,1,1
18,3,RC,CE,0,1
18,2,NonRC,NonCE,7,1
18,3,RC,CE,0,1
18,4,NonRC,CE,6,1
18,1,RC,NonCE,2,1
18,1,RC,NonCE,4,1
18,1,RC,NonCE,5,1
18,4,NonRC,CE,6,1
18,1,RC,NonCE,1,1
18,2,NonRC,NonCE,4,1
18,1,RC,NonCE,2,1
18,3,RC,CE,0,1
18,1,RC,NonCE,8,1
18,1,RC,NonCE,5,1
18,4,NonRC,CE,5,1
18,2,NonRC,NonCE,2,1
18,3,RC,CE,4,1
18,4,NonRC,CE,0,1
18,1,RC,NonCE,0,1
18,1,RC,NonCE,8,1
18,2,NonRC,NonCE,1,1
18,2,NonRC,NonCE,3,1
18,4,NonRC,CE,1,1
18,3,RC,CE,1,1
18,2,NonRC,NonCE,5,1
18,4,NonRC,CE,4,1
18,2,NonRC,NonCE,6,1
18,3,RC,CE,1,1
18,3,RC,CE,3,1
18,4,NonRC,CE,1,1
18,4,NonRC,CE,2,1
18,1,RC,NonCE,7,1
18,1,RC,NonCE,1,1
18,3,RC,CE,6,1
18,2,NonRC,NonCE,0,1
18,2,NonRC,NonCE,4,1
18,1,RC,NonCE,7,1
18,4,NonRC,CE,4,1
18,1,RC,NonCE,8,0
18,3,RC,CE,8,1
18,3,RC,CE,1,1
18,2,NonRC,NonCE,2,1
18,2,NonRC,NonCE,5,1
18,2,NonRC,NonCE,0,1
18,2,NonRC,NonCE,8,1
18,3,RC,CE,3,1
18,3,RC,CE,2,1
18,3,RC,CE,6,1
18,3,RC,CE,0,1
18,3,RC,CE,0,1
18,1,RC,NonCE,1,1
18,1,RC,NonCE,2,1
18,3,RC,CE,7,1
18,2,NonRC,NonCE,3,1
18,4,NonRC,CE,0,1
18,3,RC,CE,0,1
18,2,NonRC,NonCE,7,1
18,1,RC,NonCE,0,1
18,1,RC,NonCE,2,1
18,1,RC,NonCE,8,1
18,1,RC,NonCE,3,1
18,3,RC,CE,7,1
18,4,NonRC,CE,5,1
18,4,NonRC,CE,8,1
18,3,RC,CE,2,1
18,4,NonRC,CE,7,1
18,3,RC,CE,2,1
18,4,NonRC,CE,2,1
18,1,RC,NonCE,2,1
18,3,RC,CE,1,1
18,3,RC,CE,2,1
18,3,RC,CE,5,1
18,3,RC,CE,8,1
18,1,RC,NonCE,6,1
18,3,RC,CE,8,1
18,3,RC,CE,7,1
18,2,NonRC,NonCE,0,1
18,2,NonRC,NonCE,7,1
18,2,NonRC,NonCE,2,1
18,2,NonRC,NonCE,1,1
18,2,NonRC,NonCE,6,1
18,2,NonRC,NonCE,1,1
18,2,NonRC,NonCE,3,1
18,2,NonRC,NonCE,1,1
18,4,NonRC,CE,3,1
18,1,RC,NonCE,0,1
18,4,NonRC,CE,1,1
18,1,RC,NonCE,1,1
18,3,RC,CE,1,1
18,3,RC,CE,5,1
18,4,NonRC,CE,1,1
18,4,NonRC,CE,1,1
18,3,RC,CE,2,1
18,4,NonRC,CE,0,1
18,1,RC,NonCE,3,1
18,2,NonRC,NonCE,8,1
18,4,NonRC,CE,3,1
18,4,NonRC,CE,2,1
18,1,RC,NonCE,4,1
18,4,NonRC,CE,2,1
18,4,NonRC,CE,7,1
18,4,NonRC,CE,1,0
18,2,NonRC,NonCE,1,1
18,2,NonRC,NonCE,6,1
18,4,NonRC,CE,5,1
18,1,RC,NonCE,5,1
18,2,NonRC,NonCE,2,1
18,3,RC,CE,2,1
18,3,RC,CE,4,1
18,2,NonRC,NonCE,5,1
18,3,RC,CE,3,1
18,2,NonRC,NonCE,1,1
18,2,NonRC,NonCE,0,1
18,3,RC,CE,8,1
18,2,NonRC,NonCE,4,1
18,4,NonRC,CE,3,1
18,1,RC,NonCE,5,1
18,4,NonRC,CE,0,1
18,1,RC,NonCE,6,1
18,4,NonRC,CE,8,1
18,4,NonRC,CE,7,1
18,1,RC,NonCE,0,1
18,4,NonRC,CE,6,1
18,3,RC,CE,1,1
18,1,RC,NonCE,7,1
18,2,NonRC,NonCE,0,1
18,1,RC,NonCE,0,1
18,2,NonRC,NonCE,5,1
18,2,NonRC,NonCE,8,1
18,1,RC,NonCE,6,1
18,1,RC,NonCE,0,1
19,3,RC,CE,5,1
19,1,RC,NonCE,0,1
19,1,RC,NonCE,2,1
19,3,RC,CE,6,1
19,4,NonRC,CE,0,1
19,4,NonRC,CE,8,1
19,2,NonRC,NonCE,1,0
19,4,NonRC,CE,0,1
19,3,RC,CE,1,1
19,2,NonRC,NonCE,2,1
19,4,NonRC,CE,5,1
19,4,NonRC,CE,1,0
19,2,NonRC,NonCE,8,1
19,2,NonRC,NonCE,0,1
19,1,RC,NonCE,1,1
19,3,RC,CE,4,1
19,1,RC,NonCE,3,1
19,3,RC,CE,5,1
19,1,RC,NonCE,4,1
19,1,RC,NonCE,1,1
19,4,NonRC,CE,2,1
19,4,NonRC,CE,2,1
19,4,NonRC,CE,0,1
19,4,NonRC,CE,8,1
19,4,NonRC,CE,4,1
19,2,NonRC,NonCE,2,1
19,2,NonRC,NonCE,0,1
19,3,RC,CE,0,1
19,1,RC,NonCE,1,1
19,3,RC,CE,0,1
19,2,NonRC,NonCE,7,1
19,3,RC,CE,0,1
19,4,NonRC,CE,6,1
19,1,RC,NonCE,2,1
19,1,RC,NonCE,4,1
19,1,RC,NonCE,5,1
19,4,NonRC,CE,6,1
19,1,RC,NonCE,1,1
19,2,NonRC,NonCE,4,1
19,1,RC,NonCE,2,1
19,3,RC,CE,0,1
19,1,RC,NonCE,8,1
19,1,RC,NonCE,5,0
19,4,NonRC,CE,5,1
19,2,NonRC,NonCE,2,1
19,3,RC,CE,4,1
19,4,NonRC,CE,0,1
19,1,RC,NonCE,0,1
19,1,RC,NonCE,8,1
19,2,NonRC,NonCE,1,1
19,2,NonRC,NonCE,3,1
19,4,NonRC,CE,1,1
19,3,RC,CE,1,1
19,2,NonRC,NonCE,5,1
19,4,NonRC,CE,4,1
19,2,NonRC,NonCE,6,1
19,3,RC,CE,1,1
19,3,RC,CE,3,1
19,4,NonRC,CE,1,1
19,4,NonRC,CE,2,1
19,1,RC,NonCE,7,1
19,1,RC,NonCE,1,1
19,3,RC,CE,6,1
19,2,NonRC,NonCE,0,1
19,2,NonRC,NonCE,4,1
19,1,RC,NonCE,7,1
19,4,NonRC,CE,4,1
19,1,RC,NonCE,8,1
19,3,RC,CE,8,1
19,3,RC,CE,1,1
19,2,NonRC,NonCE,2,1
19,2,NonRC,NonCE,5,0
19,2,NonRC,NonCE,0,1
19,2,NonRC,NonCE,8,1
19,3,RC,CE,3,1
19,3,RC,CE,2,1
19,3,RC,CE,6,1
19,3,RC,CE,0,1
19,3,RC,CE,0,1
19,1,RC,NonCE,1,1
19,1,RC,NonCE,2,1
19,3,RC,CE,7,1
19,2,NonRC,NonCE,3,1
19,4,NonRC,CE,0,1
19,3,RC,CE,0,1
19,2,NonRC,NonCE,7,1
19,1,RC,NonCE,0,1
19,1,RC,NonCE,2,1
19,1,RC,NonCE,8,1
19,1,RC,NonCE,3,1
19,3,RC,CE,7,1
19,4,NonRC,CE,5,1
19,4,NonRC,CE,8,1
19,3,RC,CE,2,1
19,4,NonRC,CE,7,1
19,3,RC,CE,2,1
19,4,NonRC,CE,2,1
19,1,RC,NonCE,2,1
19,3,RC,CE,1,1
19,3,RC,CE,2,1
19,3,RC,CE,5,1
19,3,RC,CE,8,0
19,1,RC,NonCE,6,1
19,3,RC,CE,8,1
19,3,RC,CE,7,1
19,2,NonRC,NonCE,0,1
19,2,NonRC,NonCE,7,1
19,2,NonRC,NonCE,2,1
19,2,NonRC,NonCE,1,1
19,2,NonRC,NonCE,6,1
19,2,NonRC,NonCE,1,1
19,2,NonRC,NonCE,3,1
19,2,NonRC,NonCE,1,1
19,4,NonRC,CE,3,1
19,1,RC,NonCE,0,1
19,4,NonRC,CE,1,1
19,1,RC,NonCE,1,1
19,3,RC,CE,1,1
19,3,RC,CE,5,1
19,4,NonRC,CE,1,1
19,4,NonRC,CE,1,0
19,3,RC,CE,2,1
19,4,NonRC,CE,0,1
19,1,RC,NonCE,3,1
19,2,NonRC,NonCE,8,1
19,4,NonRC,CE,3,1
19,4,NonRC,CE,2,1
19,1,RC,NonCE,4,1
19,4,NonRC,CE,2,1
19,4,NonRC,CE,7,1
19,4,NonRC,CE,1,1
19,2,NonRC,NonCE,1,1
19,2,NonRC,NonCE,6,1
19,4,NonRC,CE,5,1
19,1,RC,NonCE,5,1
19,2,NonRC,NonCE,2,1
19,3,RC,CE,2,1
19,3,RC,CE,4,1
19,2,NonRC,NonCE,5,1
19,3,RC,CE,3,1
19,2,NonRC,NonCE,1,1
19,2,NonRC,NonCE,0,0
19,3,RC,CE,8,1
19,2,NonRC,NonCE,4,1
19,4,NonRC,CE,3,1
19,1,RC,NonCE,5,1
19,4,NonRC,CE,0,0
19,1,RC,NonCE,6,1
19,4,NonRC,CE,8,1
19,4,NonRC,CE,7,1
19,1,RC,NonCE,0,1
19,4,NonRC,CE,6,1
19,3,RC,CE,1,1
19,1,RC,NonCE,7,1
19,2,NonRC,NonCE,0,1
19,1,RC,NonCE,0,1
19,2,NonRC,NonCE,5,1
19,2,NonRC,NonCE,8,1
19,1,RC,NonCE,6,1
19,1,RC,NonCE,0,1
20,3,RC,CE,5,1
20,1,RC,NonCE,0,1
20,1,RC,NonCE,2,0
20,3,RC,CE,6,1
20,4,NonRC,CE,0,1
20,4,NonRC,CE,8,1
20,2,NonRC,NonCE,1,1
20,4,NonRC,CE,0,1
20,3,RC,CE,1,1
20,2,NonRC,NonCE,2,1
20,4,NonRC,CE,5,1
20,4,NonRC,CE,1,1
20,2,NonRC,NonCE,8,1
20,2,NonRC,NonCE,0,1
20,1,RC,NonCE,1,1
20,3,RC,CE,4,1
20,1,RC,NonCE,3,0
20,3,RC,CE,5,1
20,1,RC,NonCE,4,1
20,1,RC,NonCE,1,1
20,4,NonRC,CE,2,1
20,4,NonRC,CE,2,1
20,4,NonRC,CE,0,1
20,4,NonRC,CE,8,1
20,4,NonRC,CE,4,1
20,2,NonRC,NonCE,2,1
20,2,NonRC,NonCE,0,1
20,3,RC,CE,0,1
20,1,RC,NonCE,1,0
20,3,RC,CE,0,1
20,2,NonRC,NonCE,7,1
20,3,RC,CE,0,1
20,4,NonRC,CE,6,1
20,1,RC,NonCE,2,1
20,1,RC,NonCE,4,1
20,1,RC,NonCE,5,1
20,4,NonRC,CE,6,0
20,1,RC,NonCE,1,1
20,2,NonRC,NonCE,4,1
20,1,RC,NonCE,2,1
20,3,RC,CE,0,1
20,1,RC,NonCE,8,1
20,1,RC,NonCE,5,1
20,4,NonRC,CE,5,1
20,2,NonRC,NonCE,2,0
20,3,RC,CE,4,1
20,4,NonRC,CE,0,1
20,1,RC,NonCE,0,1
20,1,RC,NonCE,8,1
20,2,NonRC,NonCE,1,1
20,2,NonRC,NonCE,3,0
20,4,NonRC,CE,1,1
20,3,RC,CE,1,1
20,2,NonRC,NonCE,5,1
20,4,NonRC,CE,4,1
20,2,NonRC,NonCE,6,0
20,3,RC,CE,1,1
20,3,RC,CE,3,1
20,4,NonRC,CE,1,1
20,4,NonRC,CE,2,1
20,1,RC,NonCE,7,1
20,1,RC,NonCE,1,1
20,3,RC,CE,6,1
20,2,NonRC,NonCE,0,1
20,2,NonRC,NonCE,4,1
20,1,RC,NonCE,7,1
20,4,NonRC,CE,4,1
20,1,RC,NonCE,8,1
20,3,RC,CE,8,1
20,3,RC,CE,1,1
20,2,NonRC,NonCE,2,1
20,2,NonRC,NonCE,5,0
20,2,NonRC,NonCE,0,1
20,2,NonRC,NonCE,8,1
20,3,RC,CE,3,0
20,3,RC,CE,2,1
20,3,RC,CE,6,1
20,3,RC,CE,0,1
20,3,RC,CE,0,1
20,1,RC,NonCE,1,1
20,1,RC,NonCE,2,1
20,3,RC,CE,7,1
20,2,NonRC,NonCE,3,1
20,4,NonRC,CE,0,1
20,3,RC,CE,0,1
20,2,NonRC,NonCE,7,1
20,1,RC,NonCE,0,0
20,1,RC,NonCE,2,1
20,1,RC,NonCE,8,1
20,1,RC,NonCE,3,1
20,3,RC,CE,7,1
20,4,NonRC,CE,5,1
20,4,NonRC,CE,8,0
20,3,RC,CE,2,1
20,4,NonRC,CE,7,1
20,3,RC,CE,2,1
20,4,NonRC,CE,2,1
20,1,RC,NonCE,2,1
20,3,RC,CE,1,1
20,3,RC,CE,2,1
20,3,RC,CE,5,1
20,3,RC,CE,8,1
20,1,RC,NonCE,6,0
20,3,RC,CE,8,1
20,3,RC,CE,7,1
20,2,NonRC,NonCE,0,0
20,2,NonRC,NonCE,7,1
20,2,NonRC,NonCE,2,0
20,2,NonRC,NonCE,1,1
20,2,NonRC,NonCE,6,1
20,2,NonRC,NonCE,1,1
20,2,NonRC,NonCE,3,1
20,2,NonRC,NonCE,1,1
20,4,NonRC,CE,3,1
20,1,RC,NonCE,0,1
20,4,NonRC,CE,1,1
20,1,RC,NonCE,1,1
20,3,RC,CE,1,1
20,3,RC,CE,5,1
20,4,NonRC,CE,1,1
20,4,NonRC,CE,1,1
20,3,RC,CE,2,1
20,4,NonRC,CE,0,1
20,1,RC,NonCE,3,1
20,2,NonRC,NonCE,8,1
20,4,NonRC,CE,3,1
20,4,NonRC,CE,2,1
20,1,RC,NonCE,4,0
20,4,NonRC,CE,2,1
20,4,NonRC,CE,7,1
20,4,NonRC,CE,1,1
20,2,NonRC,NonCE,1,1
20,2,NonRC,NonCE,6,1
20,4,NonRC,CE,5,1
20,1,RC,NonCE,5,1
20,2,NonRC,NonCE,2,1
20,3,RC,CE,2,1
20,3,RC,CE,4,0
20,2,NonRC,NonCE,5,1
20,3,RC,CE,3,1
20,2,NonRC,NonCE,1,1
20,2,NonRC,NonCE,0,1
20,3,RC,CE,8,1
20,2,NonRC,NonCE,4,0
20,4,NonRC,CE,3,1
20,1,RC,NonCE,5,0
20,4,NonRC,CE,0,1
20,1,RC,NonCE,6,0
20,4,NonRC,CE,8,1
20,4,NonRC,CE,7,1
20,1,RC,NonCE,0,1
20,4,NonRC,CE,6,1
20,3,RC,CE,1,1
20,1,RC,NonCE,7,1
20,2,NonRC,NonCE,0,1
20,1,RC,NonCE,0,1
20,2,NonRC,NonCE,5,1
20,2,NonRC,NonCE,8,1
20,1,RC,NonCE,6,1
20,1,RC,NonCE,0,1
21,3,RC,CE,5,1
21,1,RC,NonCE,0,1
21,1,RC,NonCE,2,1
21,3,RC,CE,6,1
21,4,NonRC,CE,0,1
21,4,NonRC,CE,8,1
21,2,NonRC,NonCE,1,1
21,4,NonRC,CE,0,1
21,3,RC,CE,1,1
21,2,NonRC,NonCE,2,1
21,4,NonRC,CE,5,1
21,4,NonRC,CE,1,0
21,2,NonRC,NonCE,8,1
21,2,NonRC,NonCE,0,1
21,1,RC,NonCE,1,1
21,3,RC,CE,4,1
21,1,RC,NonCE,3,1
21,3,RC,CE,5,0
21,1,RC,NonCE,4,1
21,1,RC,NonCE,1,1
21,4,NonRC,CE,2,1
21,4,NonRC,CE,2,1
21,4,NonRC,CE,0,1
21,4,NonRC,CE,8,1
21,4,NonRC,CE,4,1
21,2,NonRC,NonCE,2,1
21,2,NonRC,NonCE,0,1
21,3,RC,CE,0,1
21,1,RC,NonCE,1,1
21,3,RC,CE,0,1
21,2,NonRC,NonCE,7,1
21,3,RC,CE,0,0
21,4,NonRC,CE,6,1
21,1,RC,NonCE,2,1
21,1,RC,NonCE,4,1
21,1,RC,NonCE,5,1
21,4,NonRC,CE,6,1
21,1,RC,NonCE,1,1
21,2,NonRC,NonCE,4,1
21,1,RC,NonCE,2,1
21,3,RC,CE,0,1
21,1,RC,NonCE,8,1
21,1,RC,NonCE,5,1
21,4,NonRC,CE,5,1
21,2,NonRC,NonCE,2,1
21,3,RC,CE,4,1
21,4,NonRC,CE,0,1
21,1,RC,NonCE,0,1
21,1,RC,NonCE,8,1
21,2,NonRC,NonCE,1,1
21,2,NonRC,NonCE,3,1
21,4,NonRC,CE,1,1
21,3,RC,CE,1,1
21,2,NonRC,NonCE,5,1
21,4,NonRC,CE,4,1
21,2,NonRC,NonCE,6,1
21,3,RC,CE,1,1
21,3,RC,CE,3,1
21,4,NonRC,CE,1,0
21,4,NonRC,CE,2,1
21,1,RC,NonCE,7,1
21,1,RC,NonCE,1,0
21,3,RC,CE,6,1
21,2,NonRC,NonCE,0,1
21,2,NonRC,NonCE,4,1
21,1,RC,NonCE,7,1
21,4,NonRC,CE,4,1
21,1,RC,NonCE,8,1
21,3,RC,CE,8,1
21,3,RC,CE,1,0
21,2,NonRC,NonCE,2,1
21,2,NonRC,NonCE,5,0
21,2,NonRC,NonCE,0,1
21,2,NonRC,NonCE,8,1
21,3,RC,CE,3,1
21,3,RC,CE,2,1
21,3,RC,CE,6,1
21,3,RC,CE,0,0
21,3,RC,CE,0,1
21,1,RC,NonCE,1,1
21,1,RC,NonCE,2,1
21,3,RC,CE,7,1
21,2,NonRC,NonCE,3,1
21,4,NonRC,CE,0,1
21,3,RC,CE,0,1
21,2,NonRC,NonCE,7,1
21,1,RC,NonCE,0,1
21,1,RC,NonCE,2,1
21,1,RC,NonCE,8,1
21,1,RC,NonCE,3,1
21,3,RC,CE,7,1
21,4,NonRC,CE,5,1
21,4,NonRC,CE,8,1
21,3,RC,CE,2,1
21,4,NonRC,CE,7,1
21,3,RC,CE,2,1
21,4,NonRC,CE,2,1
21,1,RC,NonCE,2,1
21,3,RC,CE,1,1
21,3,RC,CE,2,1
21,3,RC,CE,5,1
21,3,RC,CE,8,1
21,1,RC,NonCE,6,1
21,3,RC,CE,8,1
21,3,RC,CE,7,1
21,2,NonRC,NonCE,0,1
21,2,NonRC,NonCE,7,1
21,2,NonRC,NonCE,2,1
21,2,NonRC,NonCE,1,1
21,2,NonRC,NonCE,6,1
21,2,NonRC,NonCE,1,1
21,2,NonRC,NonCE,3,1
21,2,NonRC,NonCE,1,1
21,4,NonRC,CE,3,1
21,1,RC,NonCE,0,1
21,4,NonRC,CE,1,1
21,1,RC,NonCE,1,1
21,3,RC,CE,1,1
21,3,RC,CE,5,0
21,4,NonRC,CE,1,1
21,4,NonRC,CE,1,1
21,3,RC,CE,2,1
21,4,NonRC,CE,0,1
21,1,RC,NonCE,3,1
21,2,NonRC,NonCE,8,1
21,4,NonRC,CE,3,1
21,4,NonRC,CE,2,1
21,1,RC,NonCE,4,1
21,4,NonRC,CE,2,1
21,4,NonRC,CE,7,1
21,4,NonRC,CE,1,1
21,2,NonRC,NonCE,1,1
21,2,NonRC,NonCE,6,1
21,4,NonRC,CE,5,1
21,1,RC,NonCE,5,1
21,2,NonRC,NonCE,2,1
21,3,RC,CE,2,1
21,3,RC,CE,4,0
21,2,NonRC,NonCE,5,1
21,3,RC,CE,3,1
21,2,NonRC,NonCE,1,1
21,2,NonRC,NonCE,0,1
21,3,RC,CE,8,1
21,2,NonRC,NonCE,4,1
21,4,NonRC,CE,3,0
21,1,RC,NonCE,5,1
21,4,NonRC,CE,0,1
21,1,RC,NonCE,6,1
21,4,NonRC,CE,8,0
21,4,NonRC,CE,7,1
21,1,RC,NonCE,0,1
21,4,NonRC,CE,6,0
21,3,RC,CE,1,1
21,1,RC,NonCE,7,1
21,2,NonRC,NonCE,0,1
21,1,RC,NonCE,0,1
21,2,NonRC,NonCE,5,1
21,2,NonRC,NonCE,8,1
21,1,RC,NonCE,6,1
21,1,RC,NonCE,0,0
22,3,RC,CE,5,1
22,1,RC,NonCE,0,0
22,1,RC,NonCE,2,1
22,3,RC,CE,6,1
22,4,NonRC,CE,0,1
22,4,NonRC,CE,8,1
22,2,NonRC,NonCE,1,1
22,4,NonRC,CE,0,1
22,3,RC,CE,1,0
22,2,NonRC,NonCE,2,1
22,4,NonRC,CE,5,1
22,4,NonRC,CE,1,1
22,2,NonRC,NonCE,8,1
22,2,NonRC,NonCE,0,1
22,1,RC,NonCE,1,1
22,3,RC,CE,4,1
22,1,RC,NonCE,3,1
22,3,RC,CE,5,1
22,1,RC,NonCE,4,1
22,1,RC,NonCE,1,1
22,4,NonRC,CE,2,1
22,4,NonRC,CE,2,1
22,4,NonRC,CE,0,1
22,4,NonRC,CE,8,1
22,4,NonRC,CE,4,0
22,2,NonRC,NonCE,2,1
22,2,NonRC,NonCE,0,1
22,3,RC,CE,0,1
22,1,RC,NonCE,1,1
22,3,RC,CE,0,1
22,2,NonRC,NonCE,7,1
22,3,RC,CE,0,1
22,4,NonRC,CE,6,1
22,1,RC,NonCE,2,1
22,1,RC,NonCE,4,0
22,1,RC,NonCE,5,1
22,4,NonRC,CE,6,1
22,1,RC,NonCE,1,1
22,2,NonRC,NonCE,4,1
22,1,RC,NonCE,2,1
22,3,RC,CE,0,1
22,1,RC,NonCE,8,1
22,1,RC,NonCE,5,1
22,4,NonRC,CE,5,1
22,2,NonRC,NonCE,2,1
22,3,RC,CE,4,1
22,4,NonRC,CE,0,1
22,1,RC,NonCE,0,1
22,1,RC,NonCE,8,1
22,2,NonRC,NonCE,1,1
22,2,NonRC,NonCE,3,1
22,4,NonRC,CE,1,1
22,3,RC,CE,1,1
22,2,NonRC,NonCE,5,1
22,4,NonRC,CE,4,1
22,2,NonRC,NonCE,6,1
22,3,RC,CE,1,1
22,3,RC,CE,3,1
22,4,NonRC,CE,1,1
22,4,NonRC,CE,2,1
22,1,RC,NonCE,7,1
22,1,RC,NonCE,1,1
22,3,RC,CE,6,1
22,2,NonRC,NonCE,0,1
22,2,NonRC,NonCE,4,1
22,1,RC,NonCE,7,1
22,4,NonRC,CE,4,1
22,1,RC,NonCE,8,0
22,3,RC,CE,8,1
22,3,RC,CE,1,1
22,2,NonRC,NonCE,2,1
22,2,NonRC,NonCE,5,0
22,2,NonRC,NonCE,0,1
22,2,NonRC,NonCE,8,0
22,3,RC,CE,3,1
22,3,RC,CE,2,1
22,3,RC,CE,6,1
22,3,RC,CE,0,1
22,3,RC,CE,0,1
22,1,RC,NonCE,1,1
22,1,RC,NonCE,2,1
22,3,RC,CE,7,1
22,2,NonRC,NonCE,3,1
22,4,NonRC,CE,0,1
22,3,RC,CE,0,1
22,2,NonRC,NonCE,7,1
22,1,RC,NonCE,0,0
22,1,RC,NonCE,2,1
22,1,RC,NonCE,8,1
22,1,RC,NonCE,3,1
22,3,RC,CE,7,1
22,4,NonRC,CE,5,1
22,4,NonRC,CE,8,1
22,3,RC,CE,2,1
22,4,NonRC,CE,7,1
22,3,RC,CE,2,1
22,4,NonRC,CE,2,1
22,1,RC,NonCE,2,1
22,3,RC,CE,1,1
22,3,RC,CE,2,1
22,3,RC,CE,5,1
22,3,RC,CE,8,1
22,1,RC,NonCE,6,1
22,3,RC,CE,8,1
22,3,RC,CE,7,1
22,2,NonRC,NonCE,0,1
22,2,NonRC,NonCE,7,1
22,2,NonRC,NonCE,2,1
22,2,NonRC,NonCE,1,1
22,2,NonRC,NonCE,6,1
22,2,NonRC,NonCE,1,1
22,2,NonRC,NonCE,3,0
22,2,NonRC,NonCE,1,1
22,4,NonRC,CE,3,1
22,1,RC,NonCE,0,1
22,4,NonRC,CE,1,0
22,1,RC,NonCE,1,1
22,3,RC,CE,1,0
22,3,RC,CE,5,1
22,4,NonRC,CE,1,1
22,4,NonRC,CE,1,1
22,3,RC,CE,2,0
22,4,NonRC,CE,0,1
22,1,RC,NonCE,3,0
22,2,NonRC,NonCE,8,1
22,4,NonRC,CE,3,0
22,4,NonRC,CE,2,1
22,1,RC,NonCE,4,1
22,4,NonRC,CE,2,1
22,4,NonRC,CE,7,1
22,4,NonRC,CE,1,1
22,2,NonRC,NonCE,1,1
22,2,NonRC,NonCE,6,1
22,4,NonRC,CE,5,1
22,1,RC,NonCE,5,1
22,2,NonRC,NonCE,2,1
22,3,RC,CE,2,1
22,3,RC,CE,4,1
22,2,NonRC,NonCE,5,1
22,3,RC,CE,3,0
22,2,NonRC,NonCE,1,1
22,2,NonRC,NonCE,0,1
22,3,RC,CE,8,1
22,2,NonRC,NonCE,4,1
22,4,NonRC,CE,3,0
22,1,RC,NonCE,5,1
22,4,NonRC,CE,0,1
22,1,RC,NonCE,6,1
22,4,NonRC,CE,8,1
22,4,NonRC,CE,7,1
22,1,RC,NonCE,0,1
22,4,NonRC,CE,6,1
22,3,RC,CE,1,1
22,1,RC,NonCE,7,1
22,2,NonRC,NonCE,0,1
22,1,RC,NonCE,0,1
22,2,NonRC,NonCE,5,0
22,2,NonRC,NonCE,8,1
22,1,RC,NonCE,6,1
22,1,RC,NonCE,0,1
23,3,RC,CE,5,1
23,1,RC,NonCE,0,0
23,1,RC,NonCE,2,1
23,3,RC,CE,6,1
23,4,NonRC,CE,0,1
23,4,NonRC,CE,8,1
23,2,NonRC,NonCE,1,1
23,4,NonRC,CE,0,1
23,3,RC,CE,1,1
23,2,NonRC,NonCE,2,1
23,4,NonRC,CE,5,1
23,4,NonRC,CE,1,1
23,2,NonRC,NonCE,8,1
23,2,NonRC,NonCE,0,1
23,1,RC,NonCE,1,1
23,3,RC,CE,4,1
23,1,RC,NonCE,3,0
23,3,RC,CE,5,1
23,1,RC,NonCE,4,1
23,1,RC,NonCE,1,1
23,4,NonRC,CE,2,1
23,4,NonRC,CE,2,1
23,4,NonRC,CE,0,1
23,4,NonRC,CE,8,1
23,4,NonRC,CE,4,1
23,2,NonRC,NonCE,2,1
23,2,NonRC,NonCE,0,1
23,3,RC,CE,0,1
23,1,RC,NonCE,1,1
23,3,RC,CE,0,1
23,2,NonRC,NonCE,7,1
23,3,RC,CE,0,1
23,4,NonRC,CE,6,1
23,1,RC,NonCE,2,1
23,1,RC,NonCE,4,1
23,1,RC,NonCE,5,1
23,4,NonRC,CE,6,1
23,1,RC,NonCE,1,1
23,2,NonRC,NonCE,4,1
23,1,RC,NonCE,2,1
23,3,RC,CE,0,1
23,1,RC,NonCE,8,1
23,1,RC,NonCE,5,1
23,4,NonRC,CE,5,1
23,2,NonRC,NonCE,2,1
23,3,RC,CE,4,1
23,4,NonRC,CE,0,1
23,1,RC,NonCE,0,1
23,1,RC,NonCE,8,1
23,2,NonRC,NonCE,1,1
23,2,NonRC,NonCE,3,1
23,4,NonRC,CE,1,1
23,3,RC,CE,1,1
23,2,NonRC,NonCE,5,1
23,4,NonRC,CE,4,1
23,2,NonRC,NonCE,6,1
23,3,RC,CE,1,1
23,3,RC,CE,3,1
23,4,NonRC,CE,1,1
23,4,NonRC,CE,2,1
23,1,RC,NonCE,7,1
23,1,RC,NonCE,1,1
23,3,RC,CE,6,1
23,2,NonRC,NonCE,0,1
23,2,NonRC,NonCE,4,1
23,1,RC,NonCE,7,1
23,4,NonRC,CE,4,0
23,1,RC,NonCE,8,1
23,3,RC,CE,8,1
23,3,RC,CE,1,1
23,2,NonRC,NonCE,2,1
23,2,NonRC,NonCE,5,0
23,2,NonRC,NonCE,0,1
23,2,NonRC,NonCE,8,1
23,3,RC,CE,3,1
23,3,RC,CE,2,1
23,3,RC,CE,6,1
23,3,RC,CE,0,1
23,3,RC,CE,0,1
23,1,RC,NonCE,1,1
23,1,RC,NonCE,2,1
23,3,RC,CE,7,1
23,2,NonRC,NonCE,3,1
23,4,NonRC,CE,0,1
23,3,RC,CE,0,1
23,2,NonRC,NonCE,7,1
23,1,RC,NonCE,0,1
23,1,RC,NonCE,2,1
23,1,RC,NonCE,8,1
23,1,RC,NonCE,3,1
23,3,RC,CE,7,1
23,4,NonRC,CE,5,1
23,4,NonRC,CE,8,1
23,3,RC,CE,2,1
23,4,NonRC,CE,7,1
23,3,RC,CE,2,1
23,4,NonRC,CE,2,1
23,1,RC,NonCE,2,1
23,3,RC,CE,1,1
23,3,RC,CE,2,1
23,3,RC,CE,5,1
23,3,RC,CE,8,1
23,1,RC,NonCE,6,1
23,3,RC,CE,8,1
23,3,RC,CE,7,1
23,2,NonRC,NonCE,0,1
23,2,NonRC,NonCE,7,1
23,2,NonRC,NonCE,2,0
23,2,NonRC,NonCE,1,1
23,2,NonRC,NonCE,6,1
23,2,NonRC,NonCE,1,1
23,2,NonRC,NonCE,3,1
23,2,NonRC,NonCE,1,1
23,4,NonRC,CE,3,1
23,1,RC,NonCE,0,1
23,4,NonRC,CE,1,1
23,1,RC,NonCE,1,1
23,3,RC,CE,1,1
23,3,RC,CE,5,1
23,4,NonRC,CE,1,1
23,4,NonRC,CE,1,1
23,3,RC,CE,2,1
23,4,NonRC,CE,0,1
23,1,RC,NonCE,3,1
23,2,NonRC,NonCE,8,1
23,4,NonRC,CE,3,1
23,4,NonRC,CE,2,1
23,1,RC,NonCE,4,1
23,4,NonRC,CE,2,1
23,4,NonRC,CE,7,1
23,4,NonRC,CE,1,1
23,2,NonRC,NonCE,1,1
23,2,NonRC,NonCE,6,1
23,4,NonRC,CE,5,1
23,1,RC,NonCE,5,1
23,2,NonRC,NonCE,2,1
23,3,RC,CE,2,1
23,3,RC,CE,4,1
23,2,NonRC,NonCE,5,1
23,3,RC,CE,3,1
23,2,NonRC,NonCE,1,1
23,2,NonRC,NonCE,0,1
23,3,RC,CE,8,1
23,2,NonRC,NonCE,4,1
23,4,NonRC,CE,3,1
23,1,RC,NonCE,5,1
23,4,NonRC,CE,0,1
23,1,RC,NonCE,6,1
23,4,NonRC,CE,8,1
23,4,NonRC,CE,7,1
23,1,RC,NonCE,0,1
23,4,NonRC,CE,6,1
23,3,RC,CE,1,1
23,1,RC,NonCE,7,1
23,2,NonRC,NonCE,0,1
23,1,RC,NonCE,0,1
23,2,NonRC,NonCE,5,0
23,2,NonRC,NonCE,8,1
23,1,RC,NonCE,6,1
23,1,RC,NonCE,0,1
24,3,RC,CE,5,1
24,1,RC,NonCE,0,1
24,1,RC,NonCE,2,1
24,3,RC,CE,6,1
24,4,NonRC,CE,0,1
24,4,NonRC,CE,8,1
24,2,NonRC,NonCE,1,1
24,4,NonRC,CE,0,1
24,3,RC,CE,1,1
24,2,NonRC,NonCE,2,1
24,4,NonRC,CE,5,1
24,4,NonRC,CE,1,1
24,2,NonRC,NonCE,8,1
24,2,NonRC,NonCE,0,1
24,1,RC,NonCE,1,1
24,3,RC,CE,4,1
24,1,RC,NonCE,3,1
24,3,RC,CE,5,1
24,1,RC,NonCE,4,1
24,1,RC,NonCE,1,1
24,4,NonRC,CE,2,1
24,4,NonRC,CE,2,1
24,4,NonRC,CE,0,1
24,4,NonRC,CE,8,1
24,4,NonRC,CE,4,0
24,2,NonRC,NonCE,2,1
24,2,NonRC,NonCE,0,1
24,3,RC,CE,0,1
24,1,RC,NonCE,1,1
24,3,RC,CE,0,1
24,2,NonRC,NonCE,7,1
24,3,RC,CE,0,1
24,4,NonRC,CE,6,1
24,1,RC,NonCE,2,1
24,1,RC,NonCE,4,1
24,1,RC,NonCE,5,1
24,4,NonRC,CE,6,1
24,1,RC,NonCE,1,1
24,2,NonRC,NonCE,4,0
24,1,RC,NonCE,2,1
24,3,RC,CE,0,1
24,1,RC,NonCE,8,1
24,1,RC,NonCE,5,1
24,4,NonRC,CE,5,1
24,2,NonRC,NonCE,2,1
24,3,RC,CE,4,1
24,4,NonRC,CE,0,1
24,1,RC,NonCE,0,1
24,1,RC,NonCE,8,1
24,2,NonRC,NonCE,1,1
24,2,NonRC,NonCE,3,1
24,4,NonRC,CE,1,1
24,3,RC,CE,1,1
24,2,NonRC,NonCE,5,1
24,4,NonRC,CE,4,1
24,2,NonRC,NonCE,6,1
24,3,RC,CE,1,1
24,3,RC,CE,3,1
24,4,NonRC,CE,1,1
24,4,NonRC,CE,2,1
24,1,RC,NonCE,7,1
24,1,RC,NonCE,1,1
24,3,RC,CE,6,1
24,2,NonRC,NonCE,0,1
24,2,NonRC,NonCE,4,1
24,1,RC,NonCE,7,1
24,4,NonRC,CE,4,1
24,1,RC,NonCE,8,1
24,3,RC,CE,8,1
24,3,RC,CE,1,1
24,2,NonRC,NonCE,2,1
24,2,NonRC,NonCE,5,0
24,2,NonRC,NonCE,0,1
24,2,NonRC,NonCE,8,1
24,3,RC,CE,3,0
24,3,RC,CE,2,1
24,3,RC,CE,6,1
24,3,RC,CE,0,1
24,3,RC,CE,0,1
24,1,RC,NonCE,1,1
24,1,RC,NonCE,2,1
24,3,RC,CE,7,1
24,2,NonRC,NonCE,3,1
24,4,NonRC,CE,0,1
24,3,RC,CE,0,1
24,2,NonRC,NonCE,7,1
24,1,RC,NonCE,0,1
24,1,RC,NonCE,2,1
24,1,RC,NonCE,8,1
24,1,RC,NonCE,3,0
24,3,RC,CE,7,1
24,4,NonRC,CE,5,1
24,4,NonRC,CE,8,1
24,3,RC,CE,2,1
24,4,NonRC,CE,7,1
24,3,RC,CE,2,1
24,4,NonRC,CE,2,1
24,1,RC,NonCE,2,1
24,3,RC,CE,1,1
24,3,RC,CE,2,1
24,3,RC,CE,5,1
24,3,RC,CE,8,1
24,1,RC,NonCE,6,1
24,3,RC,CE,8,1
24,3,RC,CE,7,1
24,2,NonRC,NonCE,0,1
24,2,NonRC,NonCE,7,1
24,2,NonRC,NonCE,2,1
24,2,NonRC,NonCE,1,1
24,2,NonRC,NonCE,6,1
24,2,NonRC,NonCE,1,1
24,2,NonRC,NonCE,3,1
24,2,NonRC,NonCE,1,1
24,4,NonRC,CE,3,1
24,1,RC,NonCE,0,1
24,4,NonRC,CE,1,1
24,1,RC,NonCE,1,1
24,3,RC,CE,1,1
24,3,RC,CE,5,1
24,4,NonRC,CE,1,1
24,4,NonRC,CE,1,1
24,3,RC,CE,2,1
24,4,NonRC,CE,0,1
24,1,RC,NonCE,3,1
24,2,NonRC,NonCE,8,1
24,4,NonRC,CE,3,1
24,4,NonRC,CE,2,1
24,1,RC,NonCE,4,1
24,4,NonRC,CE,2,1
24,4,NonRC,CE,7,1
24,4,NonRC,CE,1,1
24,2,NonRC,NonCE,1,1
24,2,NonRC,NonCE,6,1
24,4,NonRC,CE,5,0
24,1,RC,NonCE,5,1
24,2,NonRC,NonCE,2,1
24,3,RC,CE,2,1
24,3,RC,CE,4,1
24,2,NonRC,NonCE,5,1
24,3,RC,CE,3,1
24,2,NonRC,NonCE,1,0
24,2,NonRC,NonCE,0,1
24,3,RC,CE,8,1
24,2,NonRC,NonCE,4,0
24,4,NonRC,CE,3,1
24,1,RC,NonCE,5,1
24,4,NonRC,CE,0,1
24,1,RC,NonCE,6,1
24,4,NonRC,CE,8,1
24,4,NonRC,CE,7,1
24,1,RC,NonCE,0,1
24,4,NonRC,CE,6,1
24,3,RC,CE,1,1
24,1,RC,NonCE,7,1
24,2,NonRC,NonCE,0,1
24,1,RC,NonCE,0,1
24,2,NonRC,NonCE,5,1
24,2,NonRC,NonCE,8,1
24,1,RC,NonCE,6,1
24,1,RC,NonCE,0,1
25,3,RC,CE,5,1
25,1,RC,NonCE,0,1
25,1,RC,NonCE,2,1
25,3,RC,CE,6,1
25,4,NonRC,CE,0,0
25,4,NonRC,CE,8,1
25,2,NonRC,NonCE,1,1
25,4,NonRC,CE,0,1
25,3,RC,CE,1,1
25,2,NonRC,NonCE,2,1
25,4,NonRC,CE,5,1
25,4,NonRC,CE,1,1
25,2,NonRC,NonCE,8,0
25,2,NonRC,NonCE,0,1
25,1,RC,NonCE,1,1
25,3,RC,CE,4,1
25,1,RC,NonCE,3,1
25,3,RC,CE,5,0
25,1,RC,NonCE,4,1
25,1,RC,NonCE,1,1
25,4,NonRC,CE,2,1
25,4,NonRC,CE,2,1
25,4,NonRC,CE,0,1
25,4,NonRC,CE,8,1
25,4,NonRC,CE,4,1
25,2,NonRC,NonCE,2,1
25,2,NonRC,NonCE,0,1
25,3,RC,CE,0,1
25,1,RC,NonCE,1,1
25,3,RC,CE,0,0
25,2,NonRC,NonCE,7,1
25,3,RC,CE,0,1
25,4,NonRC,CE,6,1
25,1,RC,NonCE,2,1
25,1,RC,NonCE,4,1
25,1,RC,NonCE,5,1
25,4,NonRC,CE,6,1
25,1,RC,NonCE,1,1
25,2,NonRC,NonCE,4,0
25,1,RC,NonCE,2,1
25,3,RC,CE,0,1
25,1,RC,NonCE,8,1
25,1,RC,NonCE,5,1
25,4,NonRC,CE,5,1
25,2,NonRC,NonCE,2,1
25,3,RC,CE,4,1
25,4,NonRC,CE,0,1
25,1,RC,NonCE,0,1
25,1,RC,NonCE,8,1
25,2,NonRC,NonCE,1,1
25,2,NonRC,NonCE,3,1
25,4,NonRC,CE,1,1
25,3,RC,CE,1,1
25,2,NonRC,NonCE,5,1
25,4,NonRC,CE,4,1
25,2,NonRC,NonCE,6,0
25,3,RC,CE,1,1
25,3,RC,CE,3,1
25,4,NonRC,CE,1,0
25,4,NonRC,CE,2,1
25,1,RC,NonCE,7,1
25,1,RC,NonCE,1,1
25,3,RC,CE,6,0
25,2,NonRC,NonCE,0,1
25,2,NonRC,NonCE,4,1
25,1,RC,NonCE,7,1
25,4,NonRC,CE,4,1
25,1,RC,NonCE,8,1
25,3,RC,CE,8,1
25,3,RC,CE,1,0
25,2,NonRC,NonCE,2,1
25,2,NonRC,NonCE,5,0
25,2,NonRC,NonCE,0,1
25,2,NonRC,NonCE,8,0
25,3,RC,CE,3,1
25,3,RC,CE,2,1
25,3,RC,CE,6,0
25,3,RC,CE,0,1
25,3,RC,CE,0,1
25,1,RC,NonCE,1,1
25,1,RC,NonCE,2,1
25,3,RC,CE,7,1
25,2,NonRC,NonCE,3,1
25,4,NonRC,CE,0,1
25,3,RC,CE,0,1
25,2,NonRC,NonCE,7,1
25,1,RC,NonCE,0,1
25,1,RC,NonCE,2,1
25,1,RC,NonCE,8,1
25,1,RC,NonCE,3,1
25,3,RC,CE,7,1
25,4,NonRC,CE,5,1
25,4,NonRC,CE,8,1
25,3,RC,CE,2,1
25,4,NonRC,CE,7,1
25,3,RC,CE,2,1
25,4,NonRC,CE,2,1
25,1,RC,NonCE,2,1
25,3,RC,CE,1,1
25,3,RC,CE,2,1
25,3,RC,CE,5,1
25,3,RC,CE,8,1
25,1,RC,NonCE,6,1
25,3,RC,CE,8,1
25,3,RC,CE,7,1
25,2,NonRC,NonCE,0,1
25,2,NonRC,NonCE,7,1
25,2,NonRC,NonCE,2,1
25,2,NonRC,NonCE,1,1
25,2,NonRC,NonCE,6,1
25,2,NonRC,NonCE,1,1
25,2,NonRC,NonCE,3,1
25,2,NonRC,NonCE,1,1
25,4,NonRC,CE,3,1
25,1,RC,NonCE,0,1
25,4,NonRC,CE,1,1
25,1,RC,NonCE,1,1
25,3,RC,CE,1,1
25,3,RC,CE,5,1
25,4,NonRC,CE,1,0
25,4,NonRC,CE,1,1
25,3,RC,CE,2,1
25,4,NonRC,CE,0,1
25,1,RC,NonCE,3,1
25,2,NonRC,NonCE,8,1
25,4,NonRC,CE,3,1
25,4,NonRC,CE,2,1
25,1,RC,NonCE,4,1
25,4,NonRC,CE,2,1
25,4,NonRC,CE,7,1
25,4,NonRC,CE,1,1
25,2,NonRC,NonCE,1,1
25,2,NonRC,NonCE,6,1
25,4,NonRC,CE,5,1
25,1,RC,NonCE,5,1
25,2,NonRC,NonCE,2,1
25,3,RC,CE,2,1
25,3,RC,CE,4,1
25,2,NonRC,NonCE,5,1
25,3,RC,CE,3,0
25,2,NonRC,NonCE,1,1
25,2,NonRC,NonCE,0,1
25,3,RC,CE,8,1
25,2,NonRC,NonCE,4,0
25,4,NonRC,CE,3,0
25,1,RC,NonCE,5,1
25,4,NonRC,CE,0,1
25,1,RC,NonCE,6,1
25,4,NonRC,CE,8,0
25,4,NonRC,CE,7,1
25,1,RC,NonCE,0,1
25,4,NonRC,CE,6,0
25,3,RC,CE,1,1
25,1,RC,NonCE,7,1
25,2,NonRC,NonCE,0,1
25,1,RC,NonCE,0,1
25,2,NonRC,NonCE,5,1
25,2,NonRC,NonCE,8,1
25,1,RC,NonCE,6,1
25,1,RC,NonCE,0,1
26,3,RC,CE,5,1
26,1,RC,NonCE,0,1
26,1,RC,NonCE,2,1
26,3,RC,CE,6,1
26,4,NonRC,CE,0,1
26,4,NonRC,CE,8,1
26,2,NonRC,NonCE,1,1
26,4,NonRC,CE,0,1
26,3,RC,CE,1,1
26,2,NonRC,NonCE,2,1
26,4,NonRC,CE,5,0
26,4,NonRC,CE,1,1
26,2,NonRC,NonCE,8,1
26,2,NonRC,NonCE,0,1
26,1,RC,NonCE,1,1
26,3,RC,CE,4,1
26,1,RC,NonCE,3,1
26,3,RC,CE,5,1
26,1,RC,NonCE,4,1
26,1,RC,NonCE,1,1
26,4,NonRC,CE,2,1
26,4,NonRC,CE,2,1
26,4,NonRC,CE,0,0
26,4,NonRC,CE,8,1
26,4,NonRC,CE,4,1
26,2,NonRC,NonCE,2,1
26,2,NonRC,NonCE,0,1
26,3,RC,CE,0,1
26,1,RC,NonCE,1,1
26,3,RC,CE,0,1
26,2,NonRC,NonCE,7,1
26,3,RC,CE,0,1
26,4,NonRC,CE,6,1
26,1,RC,NonCE,2,1
26,1,RC,NonCE,4,1
26,1,RC,NonCE,5,1
26,4,NonRC,CE,6,1
26,1,RC,NonCE,1,1
26,2,NonRC,NonCE,4,1
26,1,RC,NonCE,2,1
26,3,RC,CE,0,1
26,1,RC,NonCE,8,1
26,1,RC,NonCE,5,1
26,4,NonRC,CE,5,1
26,2,NonRC,NonCE,2,1
26,3,RC,CE,4,1
26,4,NonRC,CE,0,1
26,1,RC,NonCE,0,1
26,1,RC,NonCE,8,1
26,2,NonRC,NonCE,1,1
26,2,NonRC,NonCE,3,1
26,4,NonRC,CE,1,1
26,3,RC,CE,1,1
26,2,NonRC,NonCE,5,1
26,4,NonRC,CE,4,1
26,2,NonRC,NonCE,6,1
26,3,RC,CE,1,1
26,3,RC,CE,3,1
26,4,NonRC,CE,1,1
26,4,NonRC,CE,2,1
26,1,RC,NonCE,7,1
26,1,RC,NonCE,1,1
26,3,RC,CE,6,1
26,2,NonRC,NonCE,0,1
26,2,NonRC,NonCE,4,1
26,1,RC,NonCE,7,1
26,4,NonRC,CE,4,1
26,1,RC,NonCE,8,1
26,3,RC,CE,8,1
26,3,RC,CE,1,1
26,2,NonRC,NonCE,2,1
26,2,NonRC,NonCE,5,1
26,2,NonRC,NonCE,0,1
26,2,NonRC,NonCE,8,1
26,3,RC,CE,3,1
26,3,RC,CE,2,1
26,3,RC,CE,6,1
26,3,RC,CE,0,1
26,3,RC,CE,0,1
26,1,RC,NonCE,1,1
26,1,RC,NonCE,2,1
26,3,RC,CE,7,1
26,2,NonRC,NonCE,3,1
26,4,NonRC,CE,0,1
26,3,RC,CE,0,1
26,2,NonRC,NonCE,7,1
26,1,RC,NonCE,0,1
26,1,RC,NonCE,2,1
26,1,RC,NonCE,8,1
26,1,RC,NonCE,3,1
26,3,RC,CE,7,1
26,4,NonRC,CE,5,1
26,4,NonRC,CE,8,1
26,3,RC,CE,2,1
26,4,NonRC,CE,7,1
26,3,RC,CE,2,1
26,4,NonRC,CE,2,1
26,1,RC,NonCE,2,1
26,3,RC,CE,1,1
26,3,RC,CE,2,1
26,3,RC,CE,5,1
26,3,RC,CE,8,1
26,1,RC,NonCE,6,1
26,3,RC,CE,8,1
26,3,RC,CE,7,1
26,2,NonRC,NonCE,0,1
26,2,NonRC,NonCE,7,1
26,2,NonRC,NonCE,2,1
26,2,NonRC,NonCE,1,0
26,2,NonRC,NonCE,6,1
26,2,NonRC,NonCE,1,1
26,2,NonRC,NonCE,3,1
26,2,NonRC,NonCE,1,1
26,4,NonRC,CE,3,1
26,1,RC,NonCE,0,1
26,4,NonRC,CE,1,1
26,1,RC,NonCE,1,1
26,3,RC,CE,1,1
26,3,RC,CE,5,1
26,4,NonRC,CE,1,1
26,4,NonRC,CE,1,1
26,3,RC,CE,2,1
26,4,NonRC,CE,0,1
26,1,RC,NonCE,3,1
26,2,NonRC,NonCE,8,1
26,4,NonRC,CE,3,1
26,4,NonRC,CE,2,1
26,1,RC,NonCE,4,1
26,4,NonRC,CE,2,1
26,4,NonRC,CE,7,1
26,4,NonRC,CE,1,1
26,2,NonRC,NonCE,1,1
26,2,NonRC,NonCE,6,1
26,4,NonRC,CE,5,1
26,1,RC,NonCE,5,1
26,2,NonRC,NonCE,2,1
26,3,RC,CE,2,1
26,3,RC,CE,4,1
26,2,NonRC,NonCE,5,1
26,3,RC,CE,3,1
26,2,NonRC,NonCE,1,1
26,2,NonRC,NonCE,0,1
26,3,RC,CE,8,1
26,2,NonRC,NonCE,4,1
26,4,NonRC,CE,3,1
26,1,RC,NonCE,5,1
26,4,NonRC,CE,0,1
26,1,RC,NonCE,6,1
26,4,NonRC,CE,8,1
26,4,NonRC,CE,7,1
26,1,RC,NonCE,0,1
26,4,NonRC,CE,6,1
26,3,RC,CE,1,1
26,1,RC,NonCE,7,1
26,2,NonRC,NonCE,0,1
26,1,RC,NonCE,0,1
26,2,NonRC,NonCE,5,1
26,2,NonRC,NonCE,8,1
26,1,RC,NonCE,6,1
26,1,RC,NonCE,0,1
27,3,RC,CE,5,1
27,1,RC,NonCE,0,0
27,1,RC,NonCE,2,1
27,3,RC,CE,6,1
27,4,NonRC,CE,0,1
27,4,NonRC,CE,8,1
27,2,NonRC,NonCE,1,1
27,4,NonRC,CE,0,1
27,3,RC,CE,1,1
27,2,NonRC,NonCE,2,1
27,4,NonRC,CE,5,1
27,4,NonRC,CE,1,1
27,2,NonRC,NonCE,8,1
27,2,NonRC,NonCE,0,1
27,1,RC,NonCE,1,1
27,3,RC,CE,4,1
27,1,RC,NonCE,3,1
27,3,RC,CE,5,1
27,1,RC,NonCE,4,1
27,1,RC,NonCE,1,1
27,4,NonRC,CE,2,1
27,4,NonRC,CE,2,1
27,4,NonRC,CE,0,1
27,4,NonRC,CE,8,1
27,4,NonRC,CE,4,1
27,2,NonRC,NonCE,2,1
27,2,NonRC,NonCE,0,1
27,3,RC,CE,0,1
27,1,RC,NonCE,1,1
27,3,RC,CE,0,1
27,2,NonRC,NonCE,7,1
27,3,RC,CE,0,1
27,4,NonRC,CE,6,1
27,1,RC,NonCE,2,1
27,1,RC,NonCE,4,1
27,1,RC,NonCE,5,0
27,4,NonRC,CE,6,1
27,1,RC,NonCE,1,1
27,2,NonRC,NonCE,4,1
27,1,RC,NonCE,2,1
27,3,RC,CE,0,1
27,1,RC,NonCE,8,1
27,1,RC,NonCE,5,1
27,4,NonRC,CE,5,1
27,2,NonRC,NonCE,2,1
27,3,RC,CE,4,1
27,4,NonRC,CE,0,1
27,1,RC,NonCE,0,1
27,1,RC,NonCE,8,1
27,2,NonRC,NonCE,1,1
27,2,NonRC,NonCE,3,1
27,4,NonRC,CE,1,1
27,3,RC,CE,1,1
27,2,NonRC,NonCE,5,1
27,4,NonRC,CE,4,1
27,2,NonRC,NonCE,6,1
27,3,RC,CE,1,1
27,3,RC,CE,3,1
27,4,NonRC,CE,1,1
27,4,NonRC,CE,2,1
27,1,RC,NonCE,7,1
27,1,RC,NonCE,1,1
27,3,RC,CE,6,1
27,2,NonRC,NonCE,0,1
27,2,NonRC,NonCE,4,1
27,1,RC,NonCE,7,1
27,4,NonRC,CE,4,1
27,1,RC,NonCE,8,1
27,3,RC,CE,8,1
27,3,RC,CE,1,1
27,2,NonRC,NonCE,2,1
27,2,NonRC,NonCE,5,0
27,2,NonRC,NonCE,0,1
27,2,NonRC,NonCE,8,1
27,3,RC,CE,3,1
27,3,RC,CE,2,1
27,3,RC,CE,6,1
27,3,RC,CE,0,1
27,3,RC,CE,0,1
27,1,RC,NonCE,1,1
27,1,RC,NonCE,2,1
27,3,RC,CE,7,1
27,2,NonRC,NonCE,3,1
27,4,NonRC,CE,0,1
27,3,RC,CE,0,1
27,2,NonRC,NonCE,7,1
27,1,RC,NonCE,0,1
27,1,RC,NonCE,2,1
27,1,RC,NonCE,8,1
27,1,RC,NonCE,3,1
27,3,RC,CE,7,1
27,4,NonRC,CE,5,1
27,4,NonRC,CE,8,0
27,3,RC,CE,2,1
27,4,NonRC,CE,7,1
27,3,RC,CE,2,1
27,4,NonRC,CE,2,1
27,1,RC,NonCE,2,1
27,3,RC,CE,1,1
27,3,RC,CE,2,1
27,3,RC,CE,5,1
27,3,RC,CE,8,1
27,1,RC,NonCE,6,1
27,3,RC,CE,8,1
27,3,RC,CE,7,1
27,2,NonRC,NonCE,0,1
27,2,NonRC,NonCE,7,1
27,2,NonRC,NonCE,2,1
27,2,NonRC,NonCE,1,1
27,2,NonRC,NonCE,6,1
27,2,NonRC,NonCE,1,1
27,2,NonRC,NonCE,3,1
27,2,NonRC,NonCE,1,1
27,4,NonRC,CE,3,1
27,1,RC,NonCE,0,1
27,4,NonRC,CE,1,1
27,1,RC,NonCE,1,1
27,3,RC,CE,1,1
27,3,RC,CE,5,0
27,4,NonRC,CE,1,1
27,4,NonRC,CE,1,1
27,3,RC,CE,2,1
27,4,NonRC,CE,0,0
27,1,RC,NonCE,3,1
27,2,NonRC,NonCE,8,1
27,4,NonRC,CE,3,1
27,4,NonRC,CE,2,1
27,1,RC,NonCE,4,1
27,4,NonRC,CE,2,1
27,4,NonRC,CE,7,1
27,4,NonRC,CE,1,1
27,2,NonRC,NonCE,1,1
27,2,NonRC,NonCE,6,1
27,4,NonRC,CE,5,1
27,1,RC,NonCE,5,1
27,2,NonRC,NonCE,2,1
27,3,RC,CE,2,1
27,3,RC,CE,4,1
27,2,NonRC,NonCE,5,1
27,3,RC,CE,3,1
27,2,NonRC,NonCE,1,1
27,2,NonRC,NonCE,0,1
27,3,RC,CE,8,1
27,2,NonRC,NonCE,4,0
27,4,NonRC,CE,3,1
27,1,RC,NonCE,5,1
27,4,NonRC,CE,0,1
27,1,RC,NonCE,6,1
27,4,NonRC,CE,8,1
27,4,NonRC,CE,7,1
27,1,RC,NonCE,0,1
27,4,NonRC,CE,6,1
27,3,RC,CE,1,1
27,1,RC,NonCE,7,1
27,2,NonRC,NonCE,0,1
27,1,RC,NonCE,0,1
27,2,NonRC,NonCE,5,1
27,2,NonRC,NonCE,8,1
27,1,RC,NonCE,6,1
27,1,RC,NonCE,0,1
28,3,RC,CE,5,1
28,1,RC,NonCE,0,0
28,1,RC,NonCE,2,0
28,3,RC,CE,6,1
28,4,NonRC,CE,0,1
28,4,NonRC,CE,8,1
28,2,NonRC,NonCE,1,0
28,4,NonRC,CE,0,1
28,3,RC,CE,1,1
28,2,NonRC,NonCE,2,1
28,4,NonRC,CE,5,1
28,4,NonRC,CE,1,1
28,2,NonRC,NonCE,8,1
28,2,NonRC,NonCE,0,1
28,1,RC,NonCE,1,1
28,3,RC,CE,4,1
28,1,RC,NonCE,3,1
28,3,RC,CE,5,0
28,1,RC,NonCE,4,1
28,1,RC,NonCE,1,1
28,4,NonRC,CE,2,1
28,4,NonRC,CE,2,1
28,4,NonRC,CE,0,1
28,4,NonRC,CE,8,1
28,4,NonRC,CE,4,1
28,2,NonRC,NonCE,2,1
28,2,NonRC,NonCE,0,1
28,3,RC,CE,0,1
28,1,RC,NonCE,1,1
28,3,RC,CE,0,1
28,2,NonRC,NonCE,7,1
28,3,RC,CE,0,1
28,4,NonRC,CE,6,1
28,1,RC,NonCE,2,1
28,1,RC,NonCE,4,1
28,1,RC,NonCE,5,1
28,4,NonRC,CE,6,1
28,1,RC,NonCE,1,1
28,2,NonRC,NonCE,4,1
28,1,RC,NonCE,2,1
28,3,RC,CE,0,1
28,1,RC,NonCE,8,1
28,1,RC,NonCE,5,1
28,4,NonRC,CE,5,1
28,2,NonRC,NonCE,2,1
28,3,RC,CE,4,1
28,4,NonRC,CE,0,1
28,1,RC,NonCE,0,1
28,1,RC,NonCE,8,1
28,2,NonRC,NonCE,1,1
28,2,NonRC,NonCE,3,1
28,4,NonRC,CE,1,1
28,3,RC,CE,1,1
28,2,NonRC,NonCE,5,1
28,4,NonRC,CE,4,1
28,2,NonRC,NonCE,6,1
28,3,RC,CE,1,1
28,3,RC,CE,3,1
28,4,NonRC,CE,1,1
28,4,NonRC,CE,2,1
28,1,RC,NonCE,7,1
28,1,RC,NonCE,1,1
28,3,RC,CE,6,1
28,2,NonRC,NonCE,0,1
28,2,NonRC,NonCE,4,1
28,1,RC,NonCE,7,1
28,4,NonRC,CE,4,1
28,1,RC,NonCE,8,0
28,3,RC,CE,8,1
28,3,RC,CE,1,1
28,2,NonRC,NonCE,2,1
28,2,NonRC,NonCE,5,1
28,2,NonRC,NonCE,0,1
28,2,NonRC,NonCE,8,1
28,3,RC,CE,3,1
28,3,RC,CE,2,1
28,3,RC,CE,6,1
28,3,RC,CE,0,1
28,3,RC,CE,0,1
28,1,RC,NonCE,1,1
28,1,RC,NonCE,2,1
28,3,RC,CE,7,1
28,2,NonRC,NonCE,3,1
28,4,NonRC,CE,0,1
28,3,RC,CE,0,1
28,2,NonRC,NonCE,7,1
28,1,RC,NonCE,0,1
28,1,RC,NonCE,2,1
28,1,RC,NonCE,8,1
28,1,RC,NonCE,3,1
28,3,RC,CE,7,1
28,4,NonRC,CE,5,1
28,4,NonRC,CE,8,1
28,3,RC,CE,2,1
28,4,NonRC,CE,7,1
28,3,RC,CE,2,1
28,4,NonRC,CE,2,1
28,1,RC,NonCE,2,1
28,3,RC,CE,1,1
28,3,RC,CE,2,1
28,3,RC,CE,5,1
28,3,RC,CE,8,1
28,1,RC,NonCE,6,1
28,3,RC,CE,8,1
28,3,RC,CE,7,1
28,2,NonRC,NonCE,0,1
28,2,NonRC,NonCE,7,1
28,2,NonRC,NonCE,2,1
28,2,NonRC,NonCE,1,1
28,2,NonRC,NonCE,6,1
28,2,NonRC,NonCE,1,1
28,2,NonRC,NonCE,3,1
28,2,NonRC,NonCE,1,1
28,4,NonRC,CE,3,1
28,1,RC,NonCE,0,1
28,4,NonRC,CE,1,1
28,1,RC,NonCE,1,1
28,3,RC,CE,1,1
28,3,RC,CE,5,1
28,4,NonRC,CE,1,1
28,4,NonRC,CE,1,1
28,3,RC,CE,2,1
28,4,NonRC,CE,0,1
28,1,RC,NonCE,3,0
28,2,NonRC,NonCE,8,1
28,4,NonRC,CE,3,1
28,4,NonRC,CE,2,1
28,1,RC,NonCE,4,1
28,4,NonRC,CE,2,1
28,4,NonRC,CE,7,1
28,4,NonRC,CE,1,1
28,2,NonRC,NonCE,1,1
28,2,NonRC,NonCE,6,1
28,4,NonRC,CE,5,1
28,1,RC,NonCE,5,1
28,2,NonRC,NonCE,2,1
28,3,RC,CE,2,1
28,3,RC,CE,4,1
28,2,NonRC,NonCE,5,1
28,3,RC,CE,3,0
28,2,NonRC,NonCE,1,0
28,2,NonRC,NonCE,0,1
28,3,RC,CE,8,1
28,2,NonRC,NonCE,4,1
28,4,NonRC,CE,3,1
28,1,RC,NonCE,5,1
28,4,NonRC,CE,0,0
28,1,RC,NonCE,6,1
28,4,NonRC,CE,8,1
28,4,NonRC,CE,7,1
28,1,RC,NonCE,0,0
28,4,NonRC,CE,6,0
28,3,RC,CE,1,1
28,1,RC,NonCE,7,1
28,2,NonRC,NonCE,0,1
28,1,RC,NonCE,0,1
28,2,NonRC,NonCE,5,1
28,2,NonRC,NonCE,8,1
28,1,RC,NonCE,6,1
28,1,RC,NonCE,0,1
29,3,RC,CE,5,1
29,1,RC,NonCE,0,1
29,1,RC,NonCE,2,0
29,3,RC,CE,6,1
29,4,NonRC,CE,0,1
29,4,NonRC,CE,8,1
29,2,NonRC,NonCE,1,1
29,4,NonRC,CE,0,1
29,3,RC,CE,1,1
29,2,NonRC,NonCE,2,1
29,4,NonRC,CE,5,1
29,4,NonRC,CE,1,1
29,2,NonRC,NonCE,8,1
29,2,NonRC,NonCE,0,1
29,1,RC,NonCE,1,1
29,3,RC,CE,4,1
29,1,RC,NonCE,3,1
29,3,RC,CE,5,1
29,1,RC,NonCE,4,1
29,1,RC,NonCE,1,1
29,4,NonRC,CE,2,1
29,4,NonRC,CE,2,1
29,4,NonRC,CE,0,1
29,4,NonRC,CE,8,1
29,4,NonRC,CE,4,1
29,2,NonRC,NonCE,2,1
29,2,NonRC,NonCE,0,1
29,3,RC,CE,0,1
29,1,RC,NonCE,1,0
29,3,RC,CE,0,1
29,2,NonRC,NonCE,7,1
29,3,RC,CE,0,1
29,4,NonRC,CE,6,1
29,1,RC,NonCE,2,1
29,1,RC,NonCE,4,1
29,1,RC,NonCE,5,0
29,4,NonRC,CE,6,1
29,1,RC,NonCE,1,1
29,2,NonRC,NonCE,4,1
29,1,RC,NonCE,2,1
29,3,RC,CE,0,1
29,1,RC,NonCE,8,1
29,1,RC,NonCE,5,1
29,4,NonRC,CE,5,1
29,2,NonRC,NonCE,2,1
29,3,RC,CE,4,1
29,4,NonRC,CE,0,1
29,1,RC,NonCE,0,1
29,1,RC,NonCE,8,1
29,2,NonRC,NonCE,1,1
29,2,NonRC,NonCE,3,1
29,4,NonRC,CE,1,1
29,3,RC,CE,1,1
29,2,NonRC,NonCE,5,1
29,4,NonRC,CE,4,1
29,2,NonRC,NonCE,6,0
29,3,RC,CE,1,1
29,3,RC,CE,3,1
29,4,NonRC,CE,1,1
29,4,NonRC,CE,2,1
29,1,RC,NonCE,7,1
29,1,RC,NonCE,1,1
29,3,RC,CE,6,0
29,2,NonRC,NonCE,0,1
29,2,NonRC,NonCE,4,1
29,1,RC,NonCE,7,1
29,4,NonRC,CE,4,0
29,1,RC,NonCE,8,0
29,3,RC,CE,8,0
29,3,RC,CE,1,1
29,2,NonRC,NonCE,2,1
29,2,NonRC,NonCE,5,1
29,2,NonRC,NonCE,0,1
29,2,NonRC,NonCE,8,1
29,3,RC,CE,3,0
29,3,RC,CE,2,1
29,3,RC,CE,6,1
29,3,RC,CE,0,1
29,3,RC,CE,0,1
29,1,RC,NonCE,1,1
29,1,RC,NonCE,2,1
29,3,RC,CE,7,1
29,2,NonRC,NonCE,3,1
29,4,NonRC,CE,0,1
29,3,RC,CE,0,0
29,2,NonRC,NonCE,7,1
29,1,RC,NonCE,0,1
29,1,RC,NonCE,2,1
29,1,RC,NonCE,8,1
29,1,RC,NonCE,3,1
29,3,RC,CE,7,1
29,4,NonRC,CE,5,1
29,4,NonRC,CE,8,1
29,3,RC,CE,2,1
29,4,NonRC,CE,7,1
29,3,RC,CE,2,1
29,4,NonRC,CE,2,1
29,1,RC,NonCE,2,1
29,3,RC,CE,1,1
29,3,RC,CE,2,1
29,3,RC,CE,5,1
29,3,RC,CE,8,1
29,1,RC,NonCE,6,1
29,3,RC,CE,8,1
29,3,RC,CE,7,1
29,2,NonRC,NonCE,0,1
29,2,NonRC,NonCE,7,1
29,2,NonRC,NonCE,2,1
29,2,NonRC,NonCE,1,1
29,2,NonRC,NonCE,6,1
29,2,NonRC,NonCE,1,1
29,2,NonRC,NonCE,3,1
29,2,NonRC,NonCE,1,1
29,4,NonRC,CE,3,1
29,1,RC,NonCE,0,1
29,4,NonRC,CE,1,1
29,1,RC,NonCE,1,1
29,3,RC,CE,1,1
29,3,RC,CE,5,1
29,4,NonRC,CE,1,1
29,4,NonRC,CE,1,1
29,3,RC,CE,2,1
29,4,NonRC,CE,0,1
29,1,RC,NonCE,3,1
29,2,NonRC,NonCE,8,1
29,4,NonRC,CE,3,1
29,4,NonRC,CE,2,1
29,1,RC,NonCE,4,1
29,4,NonRC,CE,2,1
29,4,NonRC,CE,7,1
29,4,NonRC,CE,1,1
29,2,NonRC,NonCE,1,1
29,2,NonRC,NonCE,6,1
29,4,NonRC,CE,5,1
29,1,RC,NonCE,5,1
29,2,NonRC,NonCE,2,1
29,3,RC,CE,2,1
29,3,RC,CE,4,1
29,2,NonRC,NonCE,5,1
29,3,RC,CE,3,1
29,2,NonRC,NonCE,1,1
29,2,NonRC,NonCE,0,1
29,3,RC,CE,8,1
29,2,NonRC,NonCE,4,1
29,4,NonRC,CE,3,1
29,1,RC,NonCE,5,1
29,4,NonRC,CE,0,1
29,1,RC,NonCE,6,1
29,4,NonRC,CE,8,1
29,4,NonRC,CE,7,1
29,1,RC,NonCE,0,1
29,4,NonRC,CE,6,0
29,3,RC,CE,1,1
29,1,RC,NonCE,7,1
29,2,NonRC,NonCE,0,1
29,1,RC,NonCE,0,1
29,2,NonRC,NonCE,5,1
29,2,NonRC,NonCE,8,1
29,1,RC,NonCE,6,1
29,1,RC,NonCE,0,1
30,3,RC,CE,5,0
30,1,RC,NonCE,0,0
30,1,RC,NonCE,2,1
30,3,RC,CE,6,1
30,4,NonRC,CE,0,1
30,4,NonRC,CE,8,1
30,2,NonRC,NonCE,1,1
30,4,NonRC,CE,0,1
30,3,RC,CE,1,1
30,2,NonRC,NonCE,2,1
30,4,NonRC,CE,5,1
30,4,NonRC,CE,1,1
30,2,NonRC,NonCE,8,0
30,2,NonRC,NonCE,0,1
30,1,RC,NonCE,1,1
30,3,RC,CE,4,1
30,1,RC,NonCE,3,0
30,3,RC,CE,5,0
30,1,RC,NonCE,4,0
30,1,RC,NonCE,1,0
30,4,NonRC,CE,2,1
30,4,NonRC,CE,2,0
30,4,NonRC,CE,0,1
30,4,NonRC,CE,8,1
30,4,NonRC,CE,4,0
30,2,NonRC,NonCE,2,1
30,2,NonRC,NonCE,0,1
30,3,RC,CE,0,0
30,1,RC,NonCE,1,1
30,3,RC,CE,0,1
30,2,NonRC,NonCE,7,1
30,3,RC,CE,0,1
30,4,NonRC,CE,6,1
30,1,RC,NonCE,2,1
30,1,RC,NonCE,4,0
30,1,RC,NonCE,5,1
30,4,NonRC,CE,6,1
30,1,RC,NonCE,1,1
30,2,NonRC,NonCE,4,0
30,1,RC,NonCE,2,1
30,3,RC,CE,0,1
30,1,RC,NonCE,8,1
30,1,RC,NonCE,5,0
30,4,NonRC,CE,5,1
30,2,NonRC,NonCE,2,1
30,3,RC,CE,4,1
30,4,NonRC,CE,0,1
30,1,RC,NonCE,0,1
30,1,RC,NonCE,8,0
30,2,NonRC,NonCE,1,1
30,2,NonRC,NonCE,3,1
30,4,NonRC,CE,1,1
30,3,RC,CE,1,1
30,2,NonRC,NonCE,5,1
30,4,NonRC,CE,4,0
30,2,NonRC,NonCE,6,1
30,3,RC,CE,1,1
30,3,RC,CE,3,0
30,4,NonRC,CE,1,1
30,4,NonRC,CE,2,1
30,1,RC,NonCE,7,1
30,1,RC,NonCE,1,1
30,3,RC,CE,6,1
30,2,NonRC,NonCE,0,0
30,2,NonRC,NonCE,4,0
30,1,RC,NonCE,7,1
30,4,NonRC,CE,4,0
30,1,RC,NonCE,8,0
30,3,RC,CE,8,0
30,3,RC,CE,1,1
30,2,NonRC,NonCE,2,1
30,2,NonRC,NonCE,5,0
30,2,NonRC,NonCE,0,1
30,2,NonRC,NonCE,8,0
30,3,RC,CE,3,1
30,3,RC,CE,2,1
30,3,RC,CE,6,1
30,3,RC,CE,0,1
30,3,RC,CE,0,1
30,1,RC,NonCE,1,1
30,1,RC,NonCE,2,1
30,3,RC,CE,7,1
30,2,NonRC,NonCE,3,1
30,4,NonRC,CE,0,1
30,3,RC,CE,0,0
30,2,NonRC,NonCE,7,1
30,1,RC,NonCE,0,1
30,1,RC,NonCE,2,0
30,1,RC,NonCE,8,1
30,1,RC,NonCE,3,1
30,3,RC,CE,7,1
30,4,NonRC,CE,5,1
30,4,NonRC,CE,8,1
30,3,RC,CE,2,1
30,4,NonRC,CE,7,1
30,3,RC,CE,2,1
30,4,NonRC,CE,2,1
30,1,RC,NonCE,2,1
30,3,RC,CE,1,1
30,3,RC,CE,2,1
30,3,RC,CE,5,1
30,3,RC,CE,8,1
30,1,RC,NonCE,6,1
30,3,RC,CE,8,0
30,3,RC,CE,7,1
30,2,NonRC,NonCE,0,1
30,2,NonRC,NonCE,7,1
30,2,NonRC,NonCE,2,1
30,2,NonRC,NonCE,1,1
30,2,NonRC,NonCE,6,1
30,2,NonRC,NonCE,1,1
30,2,NonRC,NonCE,3,1
30,2,NonRC,NonCE,1,1
30,4,NonRC,CE,3,1
30,1,RC,NonCE,0,1
30,4,NonRC,CE,1,1
30,1,RC,NonCE,1,1
30,3,RC,CE,1,0
30,3,RC,CE,5,1
30,4,NonRC,CE,1,0
30,4,NonRC,CE,1,1
30,3,RC,CE,2,1
30,4,NonRC,CE,0,1
30,1,RC,NonCE,3,1
30,2,NonRC,NonCE,8,1
30,4,NonRC,CE,3,1
30,4,NonRC,CE,2,1
30,1,RC,NonCE,4,0
30,4,NonRC,CE,2,1
30,4,NonRC,CE,7,1
30,4,NonRC,CE,1,1
30,2,NonRC,NonCE,1,1
30,2,NonRC,NonCE,6,1
30,4,NonRC,CE,5,1
30,1,RC,NonCE,5,1
30,2,NonRC,NonCE,2,1
30,3,RC,CE,2,1
30,3,RC,CE,4,0
30,2,NonRC,NonCE,5,1
30,3,RC,CE,3,0
30,2,NonRC,NonCE,1,1
30,2,NonRC,NonCE,0,1
30,3,RC,CE,8,1
30,2,NonRC,NonCE,4,0
30,4,NonRC,CE,3,1
30,1,RC,NonCE,5,0
30,4,NonRC,CE,0,1
30,1,RC,NonCE,6,1
30,4,NonRC,CE,8,0
30,4,NonRC,CE,7,1
30,1,RC,NonCE,0,0
30,4,NonRC,CE,6,1
30,3,RC,CE,1,1
30,1,RC,NonCE,7,1
30,2,NonRC,NonCE,0,1
30,1,RC,NonCE,0,1
30,2,NonRC,NonCE,5,1
30,2,NonRC,NonCE,8,1
30,1,RC,NonCE,6,0
30,1,RC,NonCE,0,1
